_;_;_;_;_;pos@tra2002f;@tra2002f;0.748;0.906;ADP;
_;_;_;_;_;pos@tra2002f;@tra2002f;0.906;1.267;ADJ;
_;_;_;_;_;pos@tra2002f;@tra2002f;1.267;1.945;VERB;
_;_;_;_;_;pos@tra2002f;@tra2002f;1.945;2.186;NUM;
_;_;_;_;_;pos@tra2002f;@tra2002f;2.186;2.92;NOUN;
_;_;_;_;_;pos@tra2002f;@tra2002f;4.054;4.226;ADP;
_;_;_;_;_;pos@tra2002f;@tra2002f;4.226;4.523;DET;
_;_;_;_;_;pos@tra2002f;@tra2002f;4.523;4.804;NOUN;
_;_;_;_;_;pos@tra2002f;@tra2002f;4.804;4.994;ADP;
_;_;_;_;_;pos@tra2002f;@tra2002f;4.994;5.139;ADJ;
_;_;_;_;_;pos@tra2002f;@tra2002f;5.139;5.441;NOUN;
_;_;_;_;_;pos@tra2002f;@tra2002f;5.441;5.534;PRON;
_;_;_;_;_;pos@tra2002f;@tra2002f;5.534;5.895;ADV;
_;_;_;_;_;pos@tra2002f;@tra2002f;5.895;6.046;CCONJ;
_;_;_;_;_;pos@tra2002f;@tra2002f;6.046;6.18;PART;
_;_;_;_;_;pos@tra2002f;@tra2002f;6.18;6.459;NUM;
_;_;_;_;_;pos@tra2002f;@tra2002f;6.459;6.732;PRON;
_;_;_;_;_;pos@tra2002f;@tra2002f;6.732;6.918;PRON;
_;_;_;_;_;pos@tra2002f;@tra2002f;6.918;7.24;ADV;
_;_;_;_;_;pos@tra2002f;@tra2002f;7.24;7.562;VERB;
_;_;_;_;_;pos@tra2002f;@tra2002f;7.562;7.732;ADP;
_;_;_;_;_;pos@tra2002f;@tra2002f;7.732;8.209;NOUN;
_;_;_;_;_;pos@tra2002f;@tra2002f;8.209;8.773;ADP;
_;_;_;_;_;pos@tra2002f;@tra2002f;8.773;9.284;ADJ;
_;_;_;_;_;pos@tra2002f;@tra2002f;9.284;9.674;ADV;
_;_;_;_;_;pos@tra2002f;@tra2002f;9.674;9.86;ADP;
_;_;_;_;_;pos@tra2002f;@tra2002f;9.86;10.151;PRON;
_;_;_;_;_;pos@tra2002f;@tra2002f;10.151;10.546;ADV;
_;_;_;_;_;pos@tra2002f;@tra2002f;10.546;11.146;VERB;
_;_;_;_;_;pos@tra2002f;@tra2002f;11.146;11.686;DET;
_;_;_;_;_;pos@tra2002f;@tra2002f;11.686;12.563;NOUN;
_;_;_;_;_;pos@tra2002f;@tra2002f;12.563;12.736;CCONJ;
_;_;_;_;_;pos@tra2002f;@tra2002f;12.736;12.994;DET;
_;_;_;_;_;pos@tra2002f;@tra2002f;12.994;13.558;ADJ;
_;_;_;_;_;pos@tra2002f;@tra2002f;13.558;14.33;NOUN;
_;_;_;_;_;pos@tra2002f;@tra2002f;14.367;14.593;ADV;
_;_;_;_;_;pos@tra2002f;@tra2002f;14.593;14.808;SCONJ;
_;_;_;_;_;pos@tra2002f;@tra2002f;14.808;15.523;PART;
_;_;_;_;_;pos@tra2002f;@tra2002f;15.523;15.623;ADP;
_;_;_;_;_;pos@tra2002f;@tra2002f;15.623;16.023;PRON;
_;_;_;_;_;pos@tra2002f;@tra2002f;16.023;16.203;VERB;
_;_;_;_;_;pos@tra2002f;@tra2002f;16.203;16.86;DET;
_;_;_;_;_;pos@tra2002f;@tra2002f;16.86;18.61;ADJ;
_;_;_;_;_;pos@tra2002f;@tra2002f;18.61;18.866;ADV;
_;_;_;_;_;pos@tra2002f;@tra2002f;18.866;19.395;VERB;
_;_;_;_;_;pos@tra2002f;@tra2002f;19.395;19.901;ADJ;
_;_;_;_;_;pos@tra2002f;@tra2002f;19.901;20.959;NOUN;
_;_;_;_;_;pos@tra2002f;@tra2002f;20.959;21.784;CCONJ;
_;_;_;_;_;pos@tra2002f;@tra2002f;21.784;22.232;ADJ;
_;_;_;_;_;pos@tra2002f;@tra2002f;22.232;22.616;NOUN;
_;_;_;_;_;pos@tra2002f;@tra2002f;22.616;22.848;PRON;
_;_;_;_;_;pos@tra2002f;@tra2002f;22.848;23.075;PRON;
_;_;_;_;_;pos@tra2002f;@tra2002f;23.075;23.313;ADJ;
_;_;_;_;_;pos@tra2002f;@tra2002f;23.313;23.395;ADP;
_;_;_;_;_;pos@tra2002f;@tra2002f;23.395;23.534;PRON;
_;_;_;_;_;pos@tra2002f;@tra2002f;23.534;24.168;VERB;
_;_;_;_;_;pos@tra2002f;@tra2002f;24.168;24.47;ADV;
_;_;_;_;_;pos@tra2002f;@tra2002f;24.47;24.546;ADP;
_;_;_;_;_;pos@tra2002f;@tra2002f;24.546;25.192;NOUN;
_;_;_;_;_;pos@tra2002f;@tra2002f;33.14;33.406;PART;
_;_;_;_;_;pos@tra2002f;@tra2002f;33.406;33.843;ADV;
_;_;_;_;_;pos@tra2002f;@tra2002f;33.843;34.159;PRON;
_;_;_;_;_;pos@tra2002f;@tra2002f;34.159;34.224;PRON;
_;_;_;_;_;pos@tra2002f;@tra2002f;34.224;34.61;ADV;
_;_;_;_;_;pos@tra2002f;@tra2002f;34.61;34.738;PART;
_;_;_;_;_;pos@tra2002f;@tra2002f;34.738;35.106;VERB;
_;_;_;_;_;pos@tra2002f;@tra2002f;35.106;35.309;PRON;
_;_;_;_;_;pos@tra2002f;@tra2002f;35.309;35.879;VERB;
_;_;_;_;_;pos@tra2002f;@tra2002f;35.879;36.709;ADJ;
_;_;_;_;_;pos@tra2002f;@tra2002f;36.709;37.767;CCONJ;
_;_;_;_;_;pos@tra2002f;@tra2002f;37.767;37.864;ADP;
_;_;_;_;_;pos@tra2002f;@tra2002f;37.864;38.147;DET;
_;_;_;_;_;pos@tra2002f;@tra2002f;38.147;38.618;NOUN;
_;_;_;_;_;pos@tra2002f;@tra2002f;38.618;38.829;ADV;
_;_;_;_;_;pos@tra2002f;@tra2002f;38.829;38.946;PRON;
_;_;_;_;_;pos@tra2002f;@tra2002f;38.946;39.249;ADV;
_;_;_;_;_;pos@tra2002f;@tra2002f;39.249;39.909;VERB;
_;_;_;_;_;pos@tra2002f;@tra2002f;40.307;40.452;PRON;
_;_;_;_;_;pos@tra2002f;@tra2002f;40.452;40.674;VERB;
_;_;_;_;_;pos@tra2002f;@tra2002f;40.674;41.155;ADJ;
_;_;_;_;_;pos@tra2002f;@tra2002f;41.155;41.51;NUM;
_;_;_;_;_;pos@tra2002f;@tra2002f;41.51;41.986;VERB;
_;_;_;_;_;pos@tra2002f;@tra2002f;41.986;43.265;PRON;
_;_;_;_;_;pos@tra2002f;@tra2002f;43.265;43.327;ADP;
_;_;_;_;_;pos@tra2002f;@tra2002f;43.327;44.26;NOUN;
_;_;_;_;_;pos@tra2002f;@tra2002f;44.26;44.314;ADP;
_;_;_;_;_;pos@tra2002f;@tra2002f;44.314;44.496;DET;
_;_;_;_;_;pos@tra2002f;@tra2002f;44.496;44.593;ADP;
_;_;_;_;_;pos@tra2002f;@tra2002f;44.593;45.491;ADJ;
_;_;_;_;_;pos@tra2002f;@tra2002f;45.983;47.39;NOUN;
_;_;_;_;_;pos@tra2002f;@tra2002f;47.39;47.729;ADV;
_;_;_;_;_;pos@tra2002f;@tra2002f;47.729;47.997;AUX;
_;_;_;_;_;pos@tra2002f;@tra2002f;47.997;48.129;PART;
_;_;_;_;_;pos@tra2002f;@tra2002f;48.129;48.265;PART;
_;_;_;_;_;pos@tra2002f;@tra2002f;48.265;48.441;PART;
_;_;_;_;_;pos@tra2002f;@tra2002f;48.441;48.605;ADV;
_;_;_;_;_;pos@tra2002f;@tra2002f;48.605;48.907;ADV;
_;_;_;_;_;pos@tra2002f;@tra2002f;48.907;49.159;VERB;
_;_;_;_;_;pos@tra2002f;@tra2002f;49.159;49.732;DET;
_;_;_;_;_;pos@tra2002f;@tra2002f;49.732;50.205;NOUN;
_;_;_;_;_;pos@tra2002f;@tra2002f;50.205;50.565;PRON;
_;_;_;_;_;pos@tra2002f;@tra2002f;50.565;51.421;VERB;
_;_;_;_;_;pos@tra2002f;@tra2002f;51.912;52.614;PART;
_;_;_;_;_;pos@tra2002f;@tra2002f;52.614;53.055;ADJ;
_;_;_;_;_;pos@tra2002f;@tra2002f;53.055;53.475;NOUN;
_;_;_;_;_;pos@tra2002f;@tra2002f;53.475;53.665;ADV;
_;_;_;_;_;pos@tra2002f;@tra2002f;53.665;53.808;ADV;
_;_;_;_;_;pos@tra2002f;@tra2002f;53.808;53.849;CCONJ;
_;_;_;_;_;pos@tra2002f;@tra2002f;53.849;54.526;VERB;
_;_;_;_;_;pos@tra2002f;@tra2002f;54.737;55.05;PART;
_;_;_;_;_;pos@tra2002f;@tra2002f;55.05;55.177;CCONJ;
_;_;_;_;_;pos@tra2002f;@tra2002f;55.177;55.247;ADP;
_;_;_;_;_;pos@tra2002f;@tra2002f;55.247;56.986;ADJ;
_;_;_;_;_;pos@tra2002f;@tra2002f;56.986;57.374;NUM;
_;_;_;_;_;pos@tra2002f;@tra2002f;57.374;57.517;ADP;
_;_;_;_;_;pos@tra2002f;@tra2002f;57.517;58.009;PRON;
_;_;_;_;_;pos@tra2002f;@tra2002f;58.009;58.378;NOUN;
_;_;_;_;_;pos@tra2002f;@tra2002f;58.378;58.884;VERB;
_;_;_;_;_;pos@tra2002f;@tra2002f;58.884;59.184;ADJ;
_;_;_;_;_;pos@tra2002f;@tra2002f;59.184;59.72;NOUN;
_;_;_;_;_;pos@tra2002f;@tra2002f;60.719;61.441;CCONJ;
_;_;_;_;_;pos@tra2002f;@tra2002f;61.441;61.595;PRON;
_;_;_;_;_;pos@tra2002f;@tra2002f;61.595;61.826;ADV;
_;_;_;_;_;pos@tra2002f;@tra2002f;61.826;61.983;PRON;
_;_;_;_;_;pos@tra2002f;@tra2002f;61.983;62.187;AUX;
_;_;_;_;_;pos@tra2002f;@tra2002f;62.187;62.816;VERB;
_;_;_;_;_;pos@tra2002f;@tra2002f;62.829;63.284;ADJ;
_;_;_;_;_;pos@tra2002f;@tra2002f;63.284;64.875;VERB;
_;_;_;_;_;pos@tra2002f;@tra2002f;64.875;65.314;CCONJ;
_;_;_;_;_;pos@tra2002f;@tra2002f;65.314;65.376;PART;
_;_;_;_;_;pos@tra2002f;@tra2002f;65.376;65.635;VERB;
_;_;_;_;_;pos@tra2002f;@tra2002f;65.635;65.808;SCONJ;
_;_;_;_;_;pos@tra2002f;@tra2002f;65.808;66.193;VERB;
_;_;_;_;_;pos@tra2002f;@tra2002f;66.193;66.3;CCONJ;
_;_;_;_;_;pos@tra2002f;@tra2002f;66.3;66.48;PRON;
_;_;_;_;_;pos@tra2002f;@tra2002f;66.48;66.554;ADP;
_;_;_;_;_;pos@tra2002f;@tra2002f;66.554;66.877;NOUN;
_;_;_;_;_;pos@tra2002f;@tra2002f;66.877;67.454;PART;
_;_;_;_;_;pos@tra2002f;@tra2002f;67.454;67.879;ADJ;
_;_;_;_;_;pos@tra2002f;@tra2002f;67.879;68.933;NOUN;
_;_;_;_;_;pos@tra2002f;@tra2002f;68.933;69.704;PART;
_;_;_;_;_;pos@tra2002f;@tra2002f;69.704;70.332;DET;
_;_;_;_;_;pos@tra2002f;@tra2002f;70.508;70.674;PART;
_;_;_;_;_;pos@tra2002f;@tra2002f;70.674;71.099;VERB;
_;_;_;_;_;pos@tra2002f;@tra2002f;71.099;71.538;ADV;
_;_;_;_;_;pos@tra2002f;@tra2002f;71.538;71.625;PART;
_;_;_;_;_;pos@tra2002f;@tra2002f;71.625;71.69;PRON;
_;_;_;_;_;pos@tra2002f;@tra2002f;71.69;72.23;VERB;
_;_;_;_;_;pos@tra2002f;@tra2002f;72.23;72.551;PART;
_;_;_;_;_;pos@tra2002f;@tra2002f;72.551;72.683;PRON;
_;_;_;_;_;pos@tra2002f;@tra2002f;72.683;72.836;PART;
_;_;_;_;_;pos@tra2002f;@tra2002f;72.836;73.568;VERB;
_;_;_;_;_;pos@tra2002f;@tra2002f;73.568;74.334;ADJ;
_;_;_;_;_;pos@tra2002f;@tra2002f;74.334;74.986;NOUN;
_;_;_;_;_;pos@tra2002f;@tra2002f;74.986;75.357;ADP;
_;_;_;_;_;pos@tra2002f;@tra2002f;75.357;76.503;NOUN;
_;_;_;_;_;pos@tra2002f;@tra2002f;76.503;77.227;ADV;
_;_;_;_;_;pos@tra2002f;@tra2002f;81.385;81.584;CCONJ;
_;_;_;_;_;pos@tra2002f;@tra2002f;81.584;81.759;CCONJ;
_;_;_;_;_;pos@tra2002f;@tra2002f;81.759;81.815;PART;
_;_;_;_;_;pos@tra2002f;@tra2002f;81.815;81.857;ADP;
_;_;_;_;_;pos@tra2002f;@tra2002f;81.857;82.34;NOUN;
_;_;_;_;_;pos@tra2002f;@tra2002f;82.34;82.432;ADP;
_;_;_;_;_;pos@tra2002f;@tra2002f;82.432;82.983;NOUN;
_;_;_;_;_;pos@tra2002f;@tra2002f;82.983;83.097;PRON;
_;_;_;_;_;pos@tra2002f;@tra2002f;83.097;83.177;PART;
_;_;_;_;_;pos@tra2002f;@tra2002f;83.177;83.266;PART;
_;_;_;_;_;pos@tra2002f;@tra2002f;83.266;83.293;ADP;
_;_;_;_;_;pos@tra2002f;@tra2002f;83.293;83.914;ADJ;
_;_;_;_;_;pos@tra2002f;@tra2002f;83.914;83.99;ADP;
_;_;_;_;_;pos@tra2002f;@tra2002f;83.99;84.43;DET;
_;_;_;_;_;pos@tra2002f;@tra2002f;84.43;84.859;NOUN;
_;_;_;_;_;pos@tra2002f;@tra2002f;84.859;85.384;ADJ;
_;_;_;_;_;pos@tra2002f;@tra2002f;85.384;85.89;ADJ;
_;_;_;_;_;pos@tra2002f;@tra2002f;85.89;85.942;CCONJ;
_;_;_;_;_;pos@tra2002f;@tra2002f;85.942;86.5;ADJ;
_;_;_;_;_;pos@tra2002f;@tra2002f;86.513;87.916;VERB;
_;_;_;_;_;pos@tra2002f;@tra2002f;87.925;88.253;ADP;
_;_;_;_;_;pos@tra2002f;@tra2002f;88.253;88.925;PRON;
_;_;_;_;_;pos@tra2002f;@tra2002f;89.017;89.307;PART;
_;_;_;_;_;pos@tra2002f;@tra2002f;89.307;89.452;CCONJ;
_;_;_;_;_;pos@tra2002f;@tra2002f;89.452;89.913;ADJ;
_;_;_;_;_;pos@tra2002f;@tra2002f;89.913;90.199;PRON;
_;_;_;_;_;pos@tra2002f;@tra2002f;90.199;90.486;VERB;
_;_;_;_;_;pos@tra2002f;@tra2002f;90.486;90.9;ADV;
_;_;_;_;_;pos@tra2002f;@tra2002f;90.9;91.399;ADV;
_;_;_;_;_;pos@tra2002f;@tra2002f;91.399;91.467;PRON;
_;_;_;_;_;pos@tra2002f;@tra2002f;91.467;91.584;ADP;
_;_;_;_;_;pos@tra2002f;@tra2002f;91.584;92.099;NOUN;
_;_;_;_;_;pos@tra2002f;@tra2002f;92.099;92.454;SCONJ;
_;_;_;_;_;pos@tra2002f;@tra2002f;92.454;92.809;VERB;
_;_;_;_;_;pos@tra2002f;@tra2002f;92.809;92.887;ADP;
_;_;_;_;_;pos@tra2002f;@tra2002f;92.887;93.136;ADJ;
_;_;_;_;_;pos@tra2002f;@tra2002f;93.136;93.502;PROPN;
_;_;_;_;_;pos@tra2002f;@tra2002f;93.502;93.708;PRON;
_;_;_;_;_;pos@tra2002f;@tra2002f;93.708;93.85;PRON;
_;_;_;_;_;pos@tra2002f;@tra2002f;93.85;94.28;VERB;
_;_;_;_;_;pos@tra2002f;@tra2002f;94.28;94.676;VERB;
_;_;_;_;_;pos@tra2002f;@tra2002f;94.676;94.752;ADP;
_;_;_;_;_;pos@tra2002f;@tra2002f;94.752;95.029;ADJ;
_;_;_;_;_;pos@tra2002f;@tra2002f;95.029;95.352;NOUN;
_;_;_;_;_;pos@tra2002f;@tra2002f;95.352;95.48;ADP;
_;_;_;_;_;pos@tra2002f;@tra2002f;95.48;96.0;ADJ;
_;_;_;_;_;pos@tra2002f;@tra2002f;96.635;96.964;NOUN;
_;_;_;_;_;pos@tra2002f;@tra2002f;96.964;97.008;CCONJ;
_;_;_;_;_;pos@tra2002f;@tra2002f;97.008;97.121;PRON;
_;_;_;_;_;pos@tra2002f;@tra2002f;97.121;97.343;VERB;
_;_;_;_;_;pos@tra2002f;@tra2002f;97.343;97.384;ADP;
_;_;_;_;_;pos@tra2002f;@tra2002f;97.384;97.962;NOUN;
_;_;_;_;_;pos@tra2002f;@tra2002f;98.034;98.336;PROPN;
_;_;_;_;_;pos@tra2002f;@tra2002f;98.336;99.054;VERB;
_;_;_;_;_;pos@tra2002f;@tra2002f;99.437;99.911;PART;
_;_;_;_;_;pos@tra2002f;@tra2002f;99.911;100.235;ADV;
_;_;_;_;_;pos@tra2002f;@tra2002f;100.235;100.622;VERB;
_;_;_;_;_;pos@tra2002f;@tra2002f;100.622;101.333;NOUN;
_;_;_;_;_;pos@tra2002f;@tra2002f;102.132;102.363;ADP;
_;_;_;_;_;pos@tra2002f;@tra2002f;102.363;102.499;PRON;
_;_;_;_;_;pos@tra2002f;@tra2002f;102.499;102.665;VERB;
_;_;_;_;_;pos@tra2002f;@tra2002f;102.665;103.166;DET;
_;_;_;_;_;pos@tra2002f;@tra2002f;103.166;103.667;NOUN;
_;_;_;_;_;pos@tra2002f;@tra2002f;103.667;103.863;ADV;
_;_;_;_;_;pos@tra2002f;@tra2002f;103.863;104.169;PART;
_;_;_;_;_;pos@tra2002f;@tra2002f;104.169;104.965;VERB;
_;_;_;_;_;pos@tra2002f;@tra2002f;104.965;105.676;NOUN;
_;_;_;_;_;pos@tra2002f;@tra2002f;105.791;106.306;ADV;
_;_;_;_;_;pos@tra2002f;@tra2002f;106.306;106.968;ADV;
_;_;_;_;_;pos@tra2002f;@tra2002f;106.968;107.63;NOUN;
_;_;_;_;_;pos@tra2002f;@tra2002f;107.668;107.891;PRON;
_;_;_;_;_;pos@tra2002f;@tra2002f;107.891;108.042;PART;
_;_;_;_;_;pos@tra2002f;@tra2002f;108.042;108.594;VERB;
_;_;_;_;_;pos@tra2002f;@tra2002f;108.594;109.028;ADV;
_;_;_;_;_;pos@tra2002f;@tra2002f;109.028;109.924;PART;
_;_;_;_;_;pos@tra2002f;@tra2002f;109.924;110.136;PRON;
_;_;_;_;_;pos@tra2002f;@tra2002f;110.136;110.301;PRON;
_;_;_;_;_;pos@tra2002f;@tra2002f;110.301;110.377;ADP;
_;_;_;_;_;pos@tra2002f;@tra2002f;110.377;110.641;NOUN;
_;_;_;_;_;pos@tra2002f;@tra2002f;110.641;110.745;PRON;
_;_;_;_;_;pos@tra2002f;@tra2002f;110.745;110.943;VERB;
_;_;_;_;_;pos@tra2002f;@tra2002f;110.943;111.41;NOUN;
_;_;_;_;_;pos@tra2002f;@tra2002f;111.41;111.613;ADV;
_;_;_;_;_;pos@tra2002f;@tra2002f;111.613;111.726;CCONJ;
_;_;_;_;_;pos@tra2002f;@tra2002f;111.726;112.349;NOUN;
_;_;_;_;_;pos@tra2002f;@tra2002f;112.349;112.502;PRON;
_;_;_;_;_;pos@tra2002f;@tra2002f;112.502;112.637;ADV;
_;_;_;_;_;pos@tra2002f;@tra2002f;112.637;112.675;ADP;
_;_;_;_;_;pos@tra2002f;@tra2002f;112.675;113.07;NOUN;
_;_;_;_;_;pos@tra2002f;@tra2002f;113.07;113.718;VERB;
_;_;_;_;_;pos@tra2002f;@tra2002f;113.718;113.791;CCONJ;
_;_;_;_;_;pos@tra2002f;@tra2002f;113.791;113.905;PRON;
_;_;_;_;_;pos@tra2002f;@tra2002f;113.905;114.281;VERB;
_;_;_;_;_;pos@tra2002f;@tra2002f;114.281;114.556;ADV;
_;_;_;_;_;pos@tra2002f;@tra2002f;114.556;114.959;ADP;
_;_;_;_;_;pos@tra2002f;@tra2002f;114.959;115.305;PRON;
_;_;_;_;_;pos@tra2002f;@tra2002f;115.305;115.536;PRON;
_;_;_;_;_;pos@tra2002f;@tra2002f;115.536;115.816;VERB;
_;_;_;_;_;pos@tra2002f;@tra2002f;115.816;115.997;ADP;
_;_;_;_;_;pos@tra2002f;@tra2002f;115.997;116.129;DET;
_;_;_;_;_;pos@tra2002f;@tra2002f;116.129;116.31;NOUN;
_;_;_;_;_;pos@tra2002f;@tra2002f;116.31;116.397;ADP;
_;_;_;_;_;pos@tra2002f;@tra2002f;116.397;116.645;ADJ;
_;_;_;_;_;pos@tra2002f;@tra2002f;116.645;117.083;VERB;
_;_;_;_;_;pos@tra2002f;@tra2002f;117.083;117.232;PRON;
_;_;_;_;_;pos@tra2002f;@tra2002f;117.232;117.491;PART;
_;_;_;_;_;pos@tra2002f;@tra2002f;117.491;117.846;SCONJ;
_;_;_;_;_;pos@tra2002f;@tra2002f;117.85;118.762;NOUN;
_;_;_;_;_;pos@tra2002f;@tra2002f;118.762;119.675;NOUN;
_;_;_;_;_;pos@tra2002f;@tra2002f;121.337;122.121;CCONJ;
_;_;_;_;_;pos@tra2002f;@tra2002f;122.242;122.454;PRON;
_;_;_;_;_;pos@tra2002f;@tra2002f;122.454;122.694;AUX;
_;_;_;_;_;pos@tra2002f;@tra2002f;122.694;122.972;PART;
_;_;_;_;_;pos@tra2002f;@tra2002f;122.972;123.424;ADJ;
_;_;_;_;_;pos@tra2002f;@tra2002f;123.424;123.956;NOUN;
_;_;_;_;_;pos@tra2002f;@tra2002f;123.956;124.064;PART;
_;_;_;_;_;pos@tra2002f;@tra2002f;124.064;124.145;PART;
_;_;_;_;_;pos@tra2002f;@tra2002f;124.145;124.429;VERB;
_;_;_;_;_;pos@tra2002f;@tra2002f;124.429;124.799;ADV;
_;_;_;_;_;pos@tra2002f;@tra2002f;124.799;125.431;SCONJ;
_;_;_;_;_;pos@tra2002f;@tra2002f;127.108;127.348;PART;
_;_;_;_;_;pos@tra2002f;@tra2002f;127.348;127.537;PART;
_;_;_;_;_;pos@tra2002f;@tra2002f;127.537;127.632;ADP;
_;_;_;_;_;pos@tra2002f;@tra2002f;127.632;128.318;NOUN;
_;_;_;_;_;pos@tra2002f;@tra2002f;128.318;128.456;PART;
_;_;_;_;_;pos@tra2002f;@tra2002f;128.456;128.685;SCONJ;
_;_;_;_;_;pos@tra2002f;@tra2002f;128.685;128.87;PART;
_;_;_;_;_;pos@tra2002f;@tra2002f;128.87;128.981;ADP;
_;_;_;_;_;pos@tra2002f;@tra2002f;128.981;129.356;NOUN;
_;_;_;_;_;pos@tra2002f;@tra2002f;129.356;129.589;PART;
_;_;_;_;_;pos@tra2002f;@tra2002f;129.589;129.732;ADP;
_;_;_;_;_;pos@tra2002f;@tra2002f;129.732;129.994;DET;
_;_;_;_;_;pos@tra2002f;@tra2002f;129.994;130.391;ADJ;
_;_;_;_;_;pos@tra2002f;@tra2002f;130.391;131.013;NOUN;
_;_;_;_;_;pos@tra2002f;@tra2002f;132.227;132.81;PART;
_;_;_;_;_;pos@tra2002f;@tra2002f;133.364;133.794;ADV;
_;_;_;_;_;pos@tra2002f;@tra2002f;133.794;134.224;ADV;
_;_;_;_;_;pos@tra2002f;@tra2002f;134.224;134.278;ADP;
_;_;_;_;_;pos@tra2002f;@tra2002f;134.278;134.665;ADJ;
_;_;_;_;_;pos@tra2002f;@tra2002f;134.665;135.002;ADJ;
_;_;_;_;_;pos@tra2002f;@tra2002f;135.002;135.372;NOUN;
_;_;_;_;_;pos@tra2002f;@tra2002f;135.372;135.654;ADJ;
_;_;_;_;_;pos@tra2002f;@tra2002f;135.654;136.216;NOUN;
_;_;_;_;_;pos@tra2002f;@tra2002f;136.835;137.171;PRON;
_;_;_;_;_;pos@tra2002f;@tra2002f;137.171;137.356;AUX;
_;_;_;_;_;pos@tra2002f;@tra2002f;137.356;137.733;NUM;
_;_;_;_;_;pos@tra2002f;@tra2002f;137.733;137.918;NOUN;
_;_;_;_;_;pos@tra2002f;@tra2002f;138.903;139.119;PRON;
_;_;_;_;_;pos@tra2002f;@tra2002f;139.119;139.543;VERB;
_;_;_;_;_;pos@tra2002f;@tra2002f;139.543;139.719;ADP;
_;_;_;_;_;pos@tra2002f;@tra2002f;139.719;140.164;NOUN;
_;_;_;_;_;pos@tra2002f;@tra2002f;140.164;140.81;DET;
_;_;_;_;_;pos@tra2002f;@tra2002f;140.81;141.559;ADJ;
_;_;_;_;_;pos@tra2002f;@tra2002f;141.559;141.982;NOUN;
_;_;_;_;_;pos@tra2002f;@tra2002f;141.982;142.098;CCONJ;
_;_;_;_;_;pos@tra2002f;@tra2002f;142.098;142.298;PRON;
_;_;_;_;_;pos@tra2002f;@tra2002f;142.298;142.35;ADP;
_;_;_;_;_;pos@tra2002f;@tra2002f;142.35;142.535;ADJ;
_;_;_;_;_;pos@tra2002f;@tra2002f;142.535;142.72;PART;
_;_;_;_;_;pos@tra2002f;@tra2002f;142.72;142.831;ADV;
_;_;_;_;_;pos@tra2002f;@tra2002f;142.831;143.243;ADJ;
_;_;_;_;_;pos@tra2002f;@tra2002f;143.847;144.173;PART;
_;_;_;_;_;pos@tra2002f;@tra2002f;144.173;144.23;CCONJ;
_;_;_;_;_;pos@tra2002f;@tra2002f;144.23;144.295;ADP;
_;_;_;_;_;pos@tra2002f;@tra2002f;144.295;144.851;ADJ;
_;_;_;_;_;pos@tra2002f;@tra2002f;144.863;145.074;NOUN;
_;_;_;_;_;pos@tra2002f;@tra2002f;145.074;145.234;ADP;
_;_;_;_;_;pos@tra2002f;@tra2002f;145.234;145.703;NOUN;
_;_;_;_;_;pos@tra2002f;@tra2002f;145.703;145.808;PRON;
_;_;_;_;_;pos@tra2002f;@tra2002f;145.808;146.55;VERB;
_;_;_;_;_;pos@tra2002f;@tra2002f;146.55;146.769;PRON;
_;_;_;_;_;pos@tra2002f;@tra2002f;146.769;146.948;VERB;
_;_;_;_;_;pos@tra2002f;@tra2002f;146.948;147.112;DET;
_;_;_;_;_;pos@tra2002f;@tra2002f;147.112;147.73;NOUN;
_;_;_;_;_;pos@tra2002f;@tra2002f;147.73;147.851;CCONJ;
_;_;_;_;_;pos@tra2002f;@tra2002f;147.851;148.244;ADV;
_;_;_;_;_;pos@tra2002f;@tra2002f;148.244;148.637;PRON;
_;_;_;_;_;pos@tra2002f;@tra2002f;148.637;148.847;PART;
_;_;_;_;_;pos@tra2002f;@tra2002f;148.847;149.177;ADV;
_;_;_;_;_;pos@tra2002f;@tra2002f;149.177;149.663;VERB;
_;_;_;_;_;pos@tra2002f;@tra2002f;149.663;149.801;PART;
_;_;_;_;_;pos@tra2002f;@tra2002f;149.801;150.404;ADV;
_;_;_;_;_;pos@tra2002f;@tra2002f;150.675;150.728;PRON;
_;_;_;_;_;pos@tra2002f;@tra2002f;150.728;150.799;VERB;
_;_;_;_;_;pos@tra2002f;@tra2002f;150.799;150.914;PRON;
_;_;_;_;_;pos@tra2002f;@tra2002f;150.914;151.144;PART;
_;_;_;_;_;pos@tra2002f;@tra2002f;151.144;151.867;VERB;
_;_;_;_;_;pos@tra2002f;@tra2002f;151.867;152.364;PRON;
_;_;_;_;_;pos@tra2002f;@tra2002f;152.364;152.406;CCONJ;
_;_;_;_;_;pos@tra2002f;@tra2002f;152.406;152.819;ADV;
_;_;_;_;_;pos@tra2002f;@tra2002f;152.819;153.175;ADV;
_;_;_;_;_;pos@tra2002f;@tra2002f;153.175;153.338;PRON;
_;_;_;_;_;pos@tra2002f;@tra2002f;153.338;153.517;PRON;
_;_;_;_;_;pos@tra2002f;@tra2002f;153.517;153.767;PART;
_;_;_;_;_;pos@tra2002f;@tra2002f;153.767;154.674;VERB;
_;_;_;_;_;pos@tra2002f;@tra2002f;155.147;155.3;CCONJ;
_;_;_;_;_;pos@tra2002f;@tra2002f;155.3;156.066;PART;
_;_;_;_;_;pos@tra2002f;@tra2002f;156.608;156.729;PART;
_;_;_;_;_;pos@tra2002f;@tra2002f;156.729;157.405;ADV;
_;_;_;_;_;pos@tra2002f;@tra2002f;158.648;159.522;PRON;
_;_;_;_;_;pos@tra2002f;@tra2002f;159.522;159.697;ADV;
_;_;_;_;_;pos@tra2002f;@tra2002f;159.697;160.792;VERB;
_;_;_;_;_;pos@tra2002f;@tra2002f;160.792;161.008;PART;
_;_;_;_;_;pos@tra2002f;@tra2002f;161.008;161.642;VERB;
_;_;_;_;_;pos@tra2002f;@tra2002f;161.642;161.876;CCONJ;
_;_;_;_;_;pos@tra2002f;@tra2002f;161.876;162.257;ADV;
_;_;_;_;_;pos@tra2002f;@tra2002f;162.257;163.373;PRON;
_;_;_;_;_;pos@tra2002f;@tra2002f;163.373;163.855;ADV;
_;_;_;_;_;pos@tra2002f;@tra2002f;163.855;164.008;PRON;
_;_;_;_;_;pos@tra2002f;@tra2002f;164.008;165.654;VERB;
_;_;_;_;_;pos@tra2002f;@tra2002f;165.654;165.815;DET;
_;_;_;_;_;pos@tra2002f;@tra2002f;165.815;166.257;NOUN;
_;_;_;_;_;pos@tra2002f;@tra2002f;166.257;166.35;CCONJ;
_;_;_;_;_;pos@tra2002f;@tra2002f;166.35;166.695;DET;
_;_;_;_;_;pos@tra2002f;@tra2002f;166.695;167.159;NOUN;
_;_;_;_;_;pos@tra2002f;@tra2002f;167.159;167.538;ADP;
_;_;_;_;_;pos@tra2002f;@tra2002f;167.538;167.812;DET;
_;_;_;_;_;pos@tra2002f;@tra2002f;167.812;168.144;ADJ;
_;_;_;_;_;pos@tra2002f;@tra2002f;168.144;168.675;NOUN;
_;_;_;_;_;pos@tra2002f;@tra2002f;169.406;169.756;ADV;
_;_;_;_;_;pos@tra2002f;@tra2002f;169.756;169.903;SCONJ;
_;_;_;_;_;pos@tra2002f;@tra2002f;169.903;170.084;PRON;
_;_;_;_;_;pos@tra2002f;@tra2002f;170.084;170.127;ADP;
_;_;_;_;_;pos@tra2002f;@tra2002f;170.127;170.264;PRON;
_;_;_;_;_;pos@tra2002f;@tra2002f;170.264;170.552;ADV;
_;_;_;_;_;pos@tra2002f;@tra2002f;170.552;171.186;VERB;
_;_;_;_;_;pos@tra2002f;@tra2002f;171.337;171.361;PART;
_;_;_;_;_;pos@tra2002f;@tra2002f;171.361;171.402;PRON;
_;_;_;_;_;pos@tra2002f;@tra2002f;171.402;171.472;VERB;
_;_;_;_;_;pos@tra2002f;@tra2002f;171.472;171.667;SCONJ;
_;_;_;_;_;pos@tra2002f;@tra2002f;171.667;171.774;ADP;
_;_;_;_;_;pos@tra2002f;@tra2002f;171.774;171.949;NOUN;
_;_;_;_;_;pos@tra2002f;@tra2002f;171.949;172.084;PRON;
_;_;_;_;_;pos@tra2002f;@tra2002f;172.084;172.413;ADV;
_;_;_;_;_;pos@tra2002f;@tra2002f;172.413;172.876;VERB;
_;_;_;_;_;pos@tra2002f;@tra2002f;172.876;173.908;PRON;
_;_;_;_;_;pos@tra2002f;@tra2002f;173.908;174.531;VERB;
_;_;_;_;_;pos@tra2002f;@tra2002f;174.531;174.661;ADP;
_;_;_;_;_;pos@tra2002f;@tra2002f;174.661;174.799;PRON;
_;_;_;_;_;pos@tra2002f;@tra2002f;174.799;175.064;ADP;
_;_;_;_;_;pos@tra2002f;@tra2002f;175.064;175.257;DET;
_;_;_;_;_;pos@tra2002f;@tra2002f;175.257;175.629;NOUN;
_;_;_;_;_;pos@tra2002f;@tra2002f;175.629;175.672;CCONJ;
_;_;_;_;_;pos@tra2002f;@tra2002f;175.672;176.025;VERB;
_;_;_;_;_;pos@tra2002f;@tra2002f;176.025;176.264;DET;
_;_;_;_;_;pos@tra2002f;@tra2002f;176.264;176.302;ADP;
_;_;_;_;_;pos@tra2002f;@tra2002f;176.302;176.481;PRON;
_;_;_;_;_;pos@tra2002f;@tra2002f;176.481;176.788;PRON;
_;_;_;_;_;pos@tra2002f;@tra2002f;176.788;177.001;ADJ;
_;_;_;_;_;pos@tra2002f;@tra2002f;177.001;177.289;ADV;
_;_;_;_;_;pos@tra2002f;@tra2002f;177.289;177.837;VERB;
_;_;_;_;_;pos@tra2002f;@tra2002f;178.372;178.652;PRON;
_;_;_;_;_;pos@tra2002f;@tra2002f;178.652;178.963;VERB;
_;_;_;_;_;pos@tra2002f;@tra2002f;178.963;179.04;PART;
_;_;_;_;_;pos@tra2002f;@tra2002f;179.04;180.387;DET;
_;_;_;_;_;pos@tra2002f;@tra2002f;180.387;181.147;DET;
_;_;_;_;_;pos@tra2002f;@tra2002f;181.147;181.686;NOUN;
_;_;_;_;_;pos@tra2002f;@tra2002f;181.686;182.015;DET;
_;_;_;_;_;pos@tra2002f;@tra2002f;182.015;182.753;NOUN;
_;_;_;_;_;pos@tra2002f;@tra2002f;184.31;184.929;PART;
_;_;_;_;_;pos@tra2002f;@tra2002f;184.929;185.064;PRON;
_;_;_;_;_;pos@tra2002f;@tra2002f;185.064;185.469;VERB;
_;_;_;_;_;pos@tra2002f;@tra2002f;185.469;185.622;CCONJ;
_;_;_;_;_;pos@tra2002f;@tra2002f;185.622;186.021;NOUN;
_;_;_;_;_;pos@tra2002f;@tra2002f;186.021;186.172;CCONJ;
_;_;_;_;_;pos@tra2002f;@tra2002f;186.172;186.311;PRON;
_;_;_;_;_;pos@tra2002f;@tra2002f;186.311;186.731;DET;
_;_;_;_;_;pos@tra2002f;@tra2002f;186.731;187.176;ADJ;
_;_;_;_;_;pos@tra2002f;@tra2002f;187.176;187.621;PART;
_;_;_;_;_;pos@tra2002f;@tra2002f;187.944;188.038;ADP;
_;_;_;_;_;pos@tra2002f;@tra2002f;188.038;188.339;ADJ;
_;_;_;_;_;pos@tra2002f;@tra2002f;188.339;188.889;ADJ;
_;_;_;_;_;pos@tra2002f;@tra2002f;188.889;189.11;NOUN;
_;_;_;_;_;pos@tra2002f;@tra2002f;189.11;189.27;PRON;
_;_;_;_;_;pos@tra2002f;@tra2002f;189.27;189.901;VERB;
_;_;_;_;_;pos@tra2002f;@tra2002f;191.789;192.26;PART;
_;_;_;_;_;pos@tra2002f;@tra2002f;192.26;192.59;ADJ;
_;_;_;_;_;pos@tra2002f;@tra2002f;192.59;192.869;ADJ;
_;_;_;_;_;pos@tra2002f;@tra2002f;192.869;192.942;ADP;
_;_;_;_;_;pos@tra2002f;@tra2002f;192.942;193.183;NOUN;
_;_;_;_;_;pos@tra2002f;@tra2002f;193.183;193.283;PRON;
_;_;_;_;_;pos@tra2002f;@tra2002f;193.283;193.552;ADJ;
_;_;_;_;_;pos@tra2002f;@tra2002f;193.552;194.148;ADJ;
_;_;_;_;_;pos@tra2002f;@tra2002f;197.04;197.098;PART;
_;_;_;_;_;pos@tra2002f;@tra2002f;197.098;197.2;PART;
_;_;_;_;_;pos@tra2002f;@tra2002f;197.2;197.26;ADP;
_;_;_;_;_;pos@tra2002f;@tra2002f;197.26;197.507;ADJ;
_;_;_;_;_;pos@tra2002f;@tra2002f;197.507;198.157;NOUN;
_;_;_;_;_;pos@tra2002f;@tra2002f;198.157;198.688;NUM;
_;_;_;_;_;pos@tra2002f;@tra2002f;198.688;198.895;NOUN;
_;_;_;_;_;pos@tra2002f;@tra2002f;198.895;199.392;ADJ;
_;_;_;_;_;pos@tra2002f;@tra2002f;199.392;199.714;NOUN;
_;_;_;_;_;pos@tra2002f;@tra2002f;199.714;200.695;NOUN;
_;_;_;_;_;pos@tra2002f;@tra2002f;200.695;200.752;CCONJ;
_;_;_;_;_;pos@tra2002f;@tra2002f;200.752;200.799;ADP;
_;_;_;_;_;pos@tra2002f;@tra2002f;200.799;201.127;ADJ;
_;_;_;_;_;pos@tra2002f;@tra2002f;201.127;201.409;ADJ;
_;_;_;_;_;pos@tra2002f;@tra2002f;201.409;201.669;NOUN;
_;_;_;_;_;pos@tra2002f;@tra2002f;201.669;201.814;PART;
_;_;_;_;_;pos@tra2002f;@tra2002f;201.814;202.204;ADJ;
_;_;_;_;_;pos@tra2002f;@tra2002f;202.204;202.799;NOUN;
_;_;_;_;_;pos@tra2002f;@tra2002f;202.799;203.144;NOUN;
_;_;_;_;_;pos@tra2002f;@tra2002f;203.144;203.756;NOUN;
_;_;_;_;_;pos@tra2002f;@tra2002f;204.513;204.91;PRON;
_;_;_;_;_;pos@tra2002f;@tra2002f;204.91;204.984;PART;
_;_;_;_;_;pos@tra2002f;@tra2002f;204.984;205.24;ADV;
_;_;_;_;_;pos@tra2002f;@tra2002f;205.24;205.4;AUX;
_;_;_;_;_;pos@tra2002f;@tra2002f;205.4;205.864;VERB;
_;_;_;_;_;pos@tra2002f;@tra2002f;206.194;206.243;ADP;
_;_;_;_;_;pos@tra2002f;@tra2002f;206.243;206.457;ADJ;
_;_;_;_;_;pos@tra2002f;@tra2002f;206.457;207.043;ADV;
_;_;_;_;_;pos@tra2002f;@tra2002f;207.043;207.368;X;
_;_;_;_;_;pos@tra2002f;@tra2002f;207.368;208.071;ADV;
_;_;_;_;_;pos@tra2002f;@tra2002f;208.071;208.609;ADJ;
_;_;_;_;_;pos@tra2002f;@tra2002f;208.609;209.148;NOUN;
_;_;_;_;_;pos@tra2002f;@tra2002f;210.257;210.404;PART;
_;_;_;_;_;pos@tra2002f;@tra2002f;210.404;210.481;PRON;
_;_;_;_;_;pos@tra2002f;@tra2002f;210.481;210.607;VERB;
_;_;_;_;_;pos@tra2002f;@tra2002f;210.607;211.149;PART;
_;_;_;_;_;pos@tra2002f;@tra2002f;211.149;211.322;PART;
_;_;_;_;_;pos@tra2002f;@tra2002f;211.322;211.479;DET;
_;_;_;_;_;pos@tra2002f;@tra2002f;211.479;211.703;PART;
_;_;_;_;_;pos@tra2002f;@tra2002f;211.703;212.115;ADJ;
_;_;_;_;_;pos@tra2002f;@tra2002f;212.115;212.877;NOUN;
_;_;_;_;_;pos@tra2002f;@tra2002f;212.877;213.038;PART;
_;_;_;_;_;pos@tra2002f;@tra2002f;213.038;213.322;ADV;
_;_;_;_;_;pos@tra2002f;@tra2002f;213.322;213.638;ADJ;
_;_;_;_;_;pos@tra2002f;@tra2002f;213.638;213.956;NOUN;
_;_;_;_;_;pos@tra2002f;@tra2002f;213.956;214.391;ADV;
_;_;_;_;_;pos@tra2002f;@tra2002f;214.512;214.561;PRON;
_;_;_;_;_;pos@tra2002f;@tra2002f;214.561;214.619;VERB;
_;_;_;_;_;pos@tra2002f;@tra2002f;214.619;214.749;ADV;
_;_;_;_;_;pos@tra2002f;@tra2002f;214.749;215.101;PART;
_;_;_;_;_;pos@tra2002f;@tra2002f;215.101;215.619;ADJ;
_;_;_;_;_;pos@tra2002f;@tra2002f;215.619;216.971;NOUN;
_;_;_;_;_;pos@tra2002f;@tra2002f;216.971;217.489;ADJ;
_;_;_;_;_;pos@tra2002f;@tra2002f;217.489;217.725;ADV;
_;_;_;_;_;pos@tra2002f;@tra2002f;217.725;218.109;ADV;
_;_;_;_;_;pos@tra2002f;@tra2002f;218.109;218.228;DET;
_;_;_;_;_;pos@tra2002f;@tra2002f;218.228;218.729;NOUN;
_;_;_;_;_;pos@tra2002f;@tra2002f;219.166;219.476;PART;
_;_;_;_;_;pos@tra2002f;@tra2002f;219.476;219.786;PRON;
_;_;_;_;_;pos@tra2002f;@tra2002f;219.786;220.098;ADV;
_;_;_;_;_;pos@tra2002f;@tra2002f;220.098;220.412;ADJ;
_;_;_;_;_;pos@tra2002f;@tra2002f;220.412;220.681;ADV;
_;_;_;_;_;pos@tra2002f;@tra2002f;220.681;220.901;PART;
_;_;_;_;_;pos@tra2002f;@tra2002f;220.901;221.04;PRON;
_;_;_;_;_;pos@tra2002f;@tra2002f;221.04;221.151;AUX;
_;_;_;_;_;pos@tra2002f;@tra2002f;221.151;221.552;VERB;
_;_;_;_;_;pos@tra2002f;@tra2002f;221.552;221.696;VERB;
_;_;_;_;_;pos@tra2002f;@tra2002f;221.696;221.807;PRON;
_;_;_;_;_;pos@tra2002f;@tra2002f;221.807;221.963;PART;
_;_;_;_;_;pos@tra2002f;@tra2002f;221.963;222.253;ADV;
_;_;_;_;_;pos@tra2002f;@tra2002f;222.253;222.837;ADJ;
_;_;_;_;_;pos@tra2002f;@tra2002f;223.243;223.38;CCONJ;
_;_;_;_;_;pos@tra2002f;@tra2002f;223.38;223.922;ADV;
_;_;_;_;_;pos@tra2002f;@tra2002f;223.922;224.365;DET;
_;_;_;_;_;pos@tra2002f;@tra2002f;224.365;224.809;NOUN;
_;_;_;_;_;pos@tra2002f;@tra2002f;224.809;225.45;PRON;
_;_;_;_;_;pos@tra2002f;@tra2002f;225.45;225.65;PRON;
_;_;_;_;_;pos@tra2002f;@tra2002f;225.65;226.072;ADJ;
_;_;_;_;_;pos@tra2002f;@tra2002f;226.072;226.327;PRON;
_;_;_;_;_;pos@tra2002f;@tra2002f;226.327;226.506;ADV;
_;_;_;_;_;pos@tra2002f;@tra2002f;226.506;226.857;ADV;
_;_;_;_;_;pos@tra2002f;@tra2002f;226.857;227.038;ADV;
_;_;_;_;_;pos@tra2002f;@tra2002f;227.038;227.212;PART;
_;_;_;_;_;pos@tra2002f;@tra2002f;227.212;227.436;DET;
_;_;_;_;_;pos@tra2002f;@tra2002f;227.436;227.708;NOUN;
_;_;_;_;_;pos@tra2002f;@tra2002f;227.708;227.826;ADP;
_;_;_;_;_;pos@tra2002f;@tra2002f;227.826;228.009;PRON;
_;_;_;_;_;pos@tra2002f;@tra2002f;228.009;228.284;VERB;
_;_;_;_;_;pos@tra2002f;@tra2002f;228.284;228.612;ADJ;
_;_;_;_;_;pos@tra2002f;@tra2002f;228.612;229.072;NOUN;
_;_;_;_;_;pos@tra2002f;@tra2002f;230.438;230.648;PART;
_;_;_;_;_;pos@tra2002f;@tra2002f;230.648;230.881;ADV;
_;_;_;_;_;pos@tra2002f;@tra2002f;230.881;232.04;ADJ;
_;_;_;_;_;pos@tra2002f;@tra2002f;232.04;232.101;CCONJ;
_;_;_;_;_;pos@tra2002f;@tra2002f;232.101;232.334;ADP;
_;_;_;_;_;pos@tra2002f;@tra2002f;232.334;233.689;PRON;
_;_;_;_;_;pos@tra2002f;@tra2002f;233.689;233.927;ADP;
_;_;_;_;_;pos@tra2002f;@tra2002f;233.927;234.106;PRON;
_;_;_;_;_;pos@tra2002f;@tra2002f;234.106;234.587;VERB;
_;_;_;_;_;pos@tra2002f;@tra2002f;234.587;235.162;NOUN;
_;_;_;_;_;pos@tra2002f;@tra2002f;236.081;236.751;NOUN;
_;_;_;_;_;pos@tra2002f;@tra2002f;236.751;237.125;VERB;
_;_;_;_;_;pos@tra2002f;@tra2002f;237.125;237.554;DET;
_;_;_;_;_;pos@tra2002f;@tra2002f;238.797;239.256;CCONJ;
_;_;_;_;_;pos@tra2002f;@tra2002f;240.148;240.608;PART;
_;_;_;_;_;pos@tra2002f;@tra2002f;242.047;242.693;PART;
_;_;_;_;_;pos@tra2002f;@tra2002f;242.693;242.978;VERB;
_;_;_;_;_;pos@tra2002f;@tra2002f;242.978;243.46;DET;
_;_;_;_;_;pos@tra2002f;@tra2002f;243.46;243.901;PRON;
_;_;_;_;_;pos@tra2002f;@tra2002f;243.901;244.561;ADJ;
_;_;_;_;_;pos@tra2002f;@tra2002f;244.561;245.004;NOUN;
_;_;_;_;_;pos@tra2002f;@tra2002f;245.004;245.315;NOUN;
_;_;_;_;_;pos@tra2002f;@tra2002f;245.315;245.424;PRON;
_;_;_;_;_;pos@tra2002f;@tra2002f;245.424;245.722;DET;
_;_;_;_;_;pos@tra2002f;@tra2002f;245.722;245.893;NOUN;
_;_;_;_;_;pos@tra2002f;@tra2002f;245.893;246.513;NOUN;
_;_;_;_;_;pos@tra2002f;@tra2002f;247.702;248.219;CCONJ;
_;_;_;_;_;pos@tra2002f;@tra2002f;248.219;248.636;VERB;
_;_;_;_;_;pos@tra2002f;@tra2002f;248.636;248.922;VERB;
_;_;_;_;_;pos@tra2002f;@tra2002f;248.922;249.224;ADV;
_;_;_;_;_;pos@tra2002f;@tra2002f;249.224;249.594;ADV;
_;_;_;_;_;pos@tra2002f;@tra2002f;252.634;253.134;CCONJ;
_;_;_;_;_;pos@tra2002f;@tra2002f;254.613;254.672;PART;
_;_;_;_;_;pos@tra2002f;@tra2002f;254.672;255.419;PRON;
_;_;_;_;_;pos@tra2002f;@tra2002f;255.419;255.918;VERB;
_;_;_;_;_;pos@tra2002f;@tra2002f;255.918;256.113;ADP;
_;_;_;_;_;pos@tra2002f;@tra2002f;256.113;256.301;NOUN;
_;_;_;_;_;pos@tra2002f;@tra2002f;256.301;256.727;NOUN;
_;_;_;_;_;pos@tra2002f;@tra2002f;256.727;256.939;PRON;
_;_;_;_;_;pos@tra2002f;@tra2002f;256.939;257.569;VERB;
_;_;_;_;_;pos@tra2002f;@tra2002f;257.569;257.991;ADV;
_;_;_;_;_;pos@tra2002f;@tra2002f;258.648;258.824;CCONJ;
_;_;_;_;_;pos@tra2002f;@tra2002f;258.824;258.966;SCONJ;
_;_;_;_;_;pos@tra2002f;@tra2002f;258.966;259.161;SCONJ;
_;_;_;_;_;pos@tra2002f;@tra2002f;259.161;259.722;ADJ;
_;_;_;_;_;pos@tra2002f;@tra2002f;259.722;260.093;NOUN;
_;_;_;_;_;pos@tra2002f;@tra2002f;260.093;260.481;CCONJ;
_;_;_;_;_;pos@tra2002f;@tra2002f;260.481;260.628;PART;
_;_;_;_;_;pos@tra2002f;@tra2002f;260.628;260.865;ADV;
_;_;_;_;_;pos@tra2002f;@tra2002f;260.865;261.489;PART;
_;_;_;_;_;pos@tra2002f;@tra2002f;262.053;262.336;PART;
_;_;_;_;_;pos@tra2002f;@tra2002f;262.336;262.428;ADP;
_;_;_;_;_;pos@tra2002f;@tra2002f;262.428;262.624;PRON;
_;_;_;_;_;pos@tra2002f;@tra2002f;262.624;262.978;DET;
_;_;_;_;_;pos@tra2002f;@tra2002f;262.978;263.224;VERB;
_;_;_;_;_;pos@tra2002f;@tra2002f;263.224;263.344;ADP;
_;_;_;_;_;pos@tra2002f;@tra2002f;263.344;263.898;NOUN;
_;_;_;_;_;pos@tra2002f;@tra2002f;264.431;264.602;PART;
_;_;_;_;_;pos@tra2002f;@tra2002f;264.602;264.944;PART;
_;_;_;_;_;pos@tra2002f;@tra2002f;264.944;265.233;PART;
_;_;_;_;_;pos@tra2002f;@tra2002f;265.233;265.366;PRON;
_;_;_;_;_;pos@tra2002f;@tra2002f;265.366;266.133;VERB;
_;_;_;_;_;pos@tra2002f;@tra2002f;266.356;266.927;PART;
_;_;_;_;_;pos@tra2002f;@tra2002f;266.927;267.012;PART;
_;_;_;_;_;pos@tra2002f;@tra2002f;267.012;267.057;CCONJ;
_;_;_;_;_;pos@tra2002f;@tra2002f;267.057;267.807;ADV;
_;_;_;_;_;pos@tra2002f;@tra2002f;267.807;268.026;ADV;
_;_;_;_;_;pos@tra2002f;@tra2002f;268.026;268.472;VERB;
_;_;_;_;_;pos@tra2002f;@tra2002f;268.472;268.821;PRON;
_;_;_;_;_;pos@tra2002f;@tra2002f;268.821;269.236;NUM;
_;_;_;_;_;pos@tra2002f;@tra2002f;269.236;269.689;NOUN;
_;_;_;_;_;pos@tra2002f;@tra2002f;271.527;271.766;PRON;
_;_;_;_;_;pos@tra2002f;@tra2002f;271.766;272.067;VERB;
_;_;_;_;_;pos@tra2002f;@tra2002f;272.067;272.269;PRON;
_;_;_;_;_;pos@tra2002f;@tra2002f;272.269;272.783;VERB;
_;_;_;_;_;pos@tra2002f;@tra2002f;273.484;273.64;CCONJ;
_;_;_;_;_;pos@tra2002f;@tra2002f;273.64;273.768;PART;
_;_;_;_;_;pos@tra2002f;@tra2002f;273.768;274.048;DET;
_;_;_;_;_;pos@tra2002f;@tra2002f;274.048;274.39;ADJ;
_;_;_;_;_;pos@tra2002f;@tra2002f;274.39;274.648;NOUN;
_;_;_;_;_;pos@tra2002f;@tra2002f;274.648;274.906;ADP;
_;_;_;_;_;pos@tra2002f;@tra2002f;274.906;275.501;PRON;
_;_;_;_;_;pos@tra2002f;@tra2002f;275.501;275.575;CCONJ;
_;_;_;_;_;pos@tra2002f;@tra2002f;275.575;275.761;DET;
_;_;_;_;_;pos@tra2002f;@tra2002f;275.761;275.968;NOUN;
_;_;_;_;_;pos@tra2002f;@tra2002f;275.968;276.04;PART;
_;_;_;_;_;pos@tra2002f;@tra2002f;276.04;276.306;ADV;
_;_;_;_;_;pos@tra2002f;@tra2002f;276.306;276.851;PRON;
_;_;_;_;_;pos@tra2002f;@tra2002f;277.742;278.137;PART;
_;_;_;_;_;pos@tra2002f;@tra2002f;278.137;278.207;PART;
_;_;_;_;_;pos@tra2002f;@tra2002f;278.207;278.486;ADV;
_;_;_;_;_;pos@tra2002f;@tra2002f;278.486;278.606;PRON;
_;_;_;_;_;pos@tra2002f;@tra2002f;278.606;278.853;AUX;
_;_;_;_;_;pos@tra2002f;@tra2002f;278.853;279.3;VERB;
_;_;_;_;_;pos@tra2002f;@tra2002f;279.3;279.957;ADV;
_;_;_;_;_;pos@tra2002f;@tra2002f;279.957;280.252;PRON;
_;_;_;_;_;pos@tra2002f;@tra2002f;280.252;280.565;PRON;
_;_;_;_;_;pos@tra2002f;@tra2002f;280.565;280.771;ADV;
_;_;_;_;_;pos@tra2002f;@tra2002f;280.771;281.175;VERB;
_;_;_;_;_;pos@tra2002f;@tra2002f;281.175;281.2;CCONJ;
_;_;_;_;_;pos@tra2002f;@tra2002f;281.2;281.407;DET;
_;_;_;_;_;pos@tra2002f;@tra2002f;281.407;281.799;NOUN;
_;_;_;_;_;pos@tra2002f;@tra2002f;281.799;281.949;PRON;
_;_;_;_;_;pos@tra2002f;@tra2002f;281.949;282.271;ADV;
_;_;_;_;_;pos@tra2002f;@tra2002f;282.271;283.121;VERB;
_;_;_;_;_;pos@tra2002f;@tra2002f;283.729;283.876;ADP;
_;_;_;_;_;pos@tra2002f;@tra2002f;283.876;285.697;ADJ;
_;_;_;_;_;pos@tra2002f;@tra2002f;285.697;286.921;VERB;
_;_;_;_;_;pos@tra2002f;@tra2002f;286.921;287.014;ADP;
_;_;_;_;_;pos@tra2002f;@tra2002f;287.014;287.928;NOUN;
_;_;_;_;_;pos@tra2002f;@tra2002f;287.928;288.307;ADJ;
_;_;_;_;_;pos@tra2002f;@tra2002f;288.307;288.918;NOUN;
_;_;_;_;_;pos@tra2002f;@tra2002f;292.464;292.699;PRON;
_;_;_;_;_;pos@tra2002f;@tra2002f;292.699;292.889;VERB;
_;_;_;_;_;pos@tra2002f;@tra2002f;292.889;293.707;NOUN;
_;_;_;_;_;pos@tra2002f;@eni2002f;44263;0000;NOUN;
_;_;_;_;_;pos@tra2002f;@eni2002f;25.209;25.313;CCONJ;
_;_;_;_;_;pos@tra2002f;@eni2002f;25.313;25.703;ADV;
_;_;_;_;_;pos@tra2002f;@eni2002f;25.703;25.86;PRON;
_;_;_;_;_;pos@tra2002f;@eni2002f;25.86;26.0;PRON;
_;_;_;_;_;pos@tra2002f;@eni2002f;26.0;26.616;VERB;
_;_;_;_;_;pos@tra2002f;@eni2002f;26.616;26.697;ADP;
_;_;_;_;_;pos@tra2002f;@eni2002f;26.697;27.174;NOUN;
_;_;_;_;_;pos@tra2002f;@eni2002f;27.174;27.412;PART;
_;_;_;_;_;pos@tra2002f;@eni2002f;27.412;27.924;PRON;
_;_;_;_;_;pos@tra2002f;@eni2002f;27.924;28.168;PRON;
_;_;_;_;_;pos@tra2002f;@eni2002f;28.168;28.668;VERB;
_;_;_;_;_;pos@tra2002f;@eni2002f;28.668;29.598;ADV;
_;_;_;_;_;pos@tra2002f;@eni2002f;29.598;29.901;DET;
_;_;_;_;_;pos@tra2002f;@eni2002f;29.901;30.029;ADP;
_;_;_;_;_;pos@tra2002f;@eni2002f;30.029;30.854;ADJ;
_;_;_;_;_;pos@tra2002f;@eni2002f;30.854;31.052;PRON;
_;_;_;_;_;pos@tra2002f;@eni2002f;31.052;31.151;PRON;
_;_;_;_;_;pos@tra2002f;@eni2002f;31.151;31.709;ADV;
_;_;_;_;_;pos@tra2002f;@eni2002f;31.709;32.135;VERB;
_;_;_;_;_;pos@tra2002f;@eni2002f;32.135;32.476;CCONJ;
_;_;_;_;_;pos@tra2002f;@eni2002f;32.476;33.121;PRON;
_;_;_;_;_;pos@tra2002f;@eni2002f;43.965;44.368;NOUN;
_;_;_;_;_;pos@tra2002f;@eni2002f;46.017;46.412;PRON;
_;_;_;_;_;pos@tra2002f;@eni2002f;46.412;46.807;PRON;
_;_;_;_;_;pos@tra2002f;@eni2002f;49.421;49.861;CCONJ;
_;_;_;_;_;pos@tra2002f;@eni2002f;49.861;50.842;PART;
_;_;_;_;_;pos@tra2002f;@eni2002f;77.367;77.651;PRON;
_;_;_;_;_;pos@tra2002f;@eni2002f;77.651;77.803;VERB;
_;_;_;_;_;pos@tra2002f;@eni2002f;77.803;78.064;ADV;
_;_;_;_;_;pos@tra2002f;@eni2002f;78.064;78.415;PART;
_;_;_;_;_;pos@tra2002f;@eni2002f;78.415;78.808;VERB;
_;_;_;_;_;pos@tra2002f;@eni2002f;78.808;79.304;PRON;
_;_;_;_;_;pos@tra2002f;@eni2002f;79.304;80.337;ADJ;
_;_;_;_;_;pos@tra2002f;@eni2002f;80.337;80.406;ADP;
_;_;_;_;_;pos@tra2002f;@eni2002f;80.406;81.35;NOUN;
_;_;_;_;_;pos@tra2002f;@eni2002f;83.087;84.035;ADV;
_;_;_;_;_;pos@tra2002f;@eni2002f;86.539;88.368;ADV;
_;_;_;_;_;pos@tra2002f;@eni2002f;119.593;119.948;ADV;
_;_;_;_;_;pos@tra2002f;@eni2002f;119.948;120.175;PRON;
_;_;_;_;_;pos@tra2002f;@eni2002f;120.175;120.629;VERB;
_;_;_;_;_;pos@tra2002f;@eni2002f;120.629;121.178;NOUN;
_;_;_;_;_;pos@tra2002f;@eni2002f;131.283;131.864;NOUN;
_;_;_;_;_;pos@tra2002f;@eni2002f;182.898;183.159;CCONJ;
_;_;_;_;_;pos@tra2002f;@eni2002f;183.159;183.267;PART;
_;_;_;_;_;pos@tra2002f;@eni2002f;183.267;183.427;CCONJ;
_;_;_;_;_;pos@tra2002f;@eni2002f;183.427;183.945;ADV;
_;_;_;_;_;pos@tra2002f;@eni2002f;190.49;190.658;ADP;
_;_;_;_;_;pos@tra2002f;@eni2002f;190.658;191.349;NOUN;
_;_;_;_;_;pos@tra2002f;@eni2002f;196.298;196.912;PART;
_;_;_;_;_;pos@tra2002f;@eni2002f;203.635;203.807;CCONJ;
_;_;_;_;_;pos@tra2002f;@eni2002f;203.807;203.979;PRON;
_;_;_;_;_;pos@tra2002f;@eni2002f;203.979;204.151;ADP;
_;_;_;_;_;pos@tra2002f;@eni2002f;204.151;204.324;PRON;
_;_;_;_;_;pos@tra2002f;@eni2002f;205.728;205.901;CCONJ;
_;_;_;_;_;pos@tra2002f;@eni2002f;205.901;206.214;X;
_;_;_;_;_;pos@tra2002f;@eni2002f;237.715;238.055;NOUN;
_;_;_;_;_;pos@tra2002f;@eni2002f;238.055;238.594;NOUN;
_;_;_;_;_;pos@tra2002f;@eni2002f;239.027;239.351;NOUN;
_;_;_;_;_;pos@tra2002f;@eni2002f;239.351;240.098;NOUN;
_;_;_;_;_;pos@tra2002f;@eni2002f;240.378;240.744;NOUN;
_;_;_;_;_;pos@tra2002f;@eni2002f;240.744;240.966;SCONJ;
_;_;_;_;_;pos@tra2002f;@eni2002f;240.966;241.431;ADJ;
_;_;_;_;_;pos@tra2002f;@eni2002f;241.431;242.108;NOUN;
_;_;_;_;_;pos@tra2002f;@eni2002f;242.863;243.228;PART;
_;_;_;_;_;pos@tra2002f;@eni2002f;246.688;247.103;PRON;
_;_;_;_;_;pos@tra2002f;@eni2002f;247.103;247.783;VERB;
_;_;_;_;_;pos@tra2002f;@eni2002f;249.756;250.481;VERB;
_;_;_;_;_;pos@tra2002f;@eni2002f;250.481;250.773;VERB;
_;_;_;_;_;pos@tra2002f;@eni2002f;250.773;251.028;SCONJ;
_;_;_;_;_;pos@tra2002f;@eni2002f;251.028;251.536;NOUN;
_;_;_;_;_;pos@tra2002f;@eni2002f;251.536;251.956;PART;
_;_;_;_;_;pos@tra2002f;@eni2002f;251.956;252.554;NOUN;
_;_;_;_;_;pos@tra2002f;@eni2002f;253.269;253.845;PART;
_;_;_;_;_;pos@tra2002f;@eni2002f;253.845;254.038;PART;
_;_;_;_;_;pos@tra2002f;@eni2002f;254.038;254.139;PRON;
_;_;_;_;_;pos@tra2002f;@eni2002f;254.139;254.755;VERB;
_;_;_;_;_;pos@tra2002f;@eni2002f;257.903;258.074;CCONJ;
_;_;_;_;_;pos@tra2002f;@eni2002f;258.074;258.19;PRON;
_;_;_;_;_;pos@tra2002f;@eni2002f;258.19;258.46;PART;
_;_;_;_;_;pos@tra2002f;@eni2002f;258.46;258.732;PART;
_;_;_;_;_;pos@tra2002f;@eni2002f;258.732;259.997;DET;
_;_;_;_;_;pos@tra2002f;@eni2002f;261.27;261.526;CCONJ;
_;_;_;_;_;pos@tra2002f;@eni2002f;261.526;261.782;PRON;
_;_;_;_;_;pos@tra2002f;@eni2002f;261.782;262.04;VERB;
_;_;_;_;_;pos@tra2002f;@eni2002f;264.972;265.513;ADV;
_;_;_;_;_;pos@tra2002f;@eni2002f;289.184;289.651;PRON;
_;_;_;_;_;pos@tra2002f;@eni2002f;289.651;289.763;PRON;
_;_;_;_;_;pos@tra2002f;@eni2002f;289.763;290.068;ADV;
_;_;_;_;_;pos@tra2002f;@eni2002f;290.068;290.375;ADV;
_;_;_;_;_;pos@tra2002f;@eni2002f;290.375;290.654;ADV;
_;_;_;_;_;pos@tra2002f;@eni2002f;290.654;291.146;ADV;
_;_;_;_;_;pos@tra2002f;@eni2002f;291.146;292.458;VERB;
_;_;_;_;_;pos@tra2002f;@eni2002f;292.591;292.785;ADV;
_;_;_;_;_;pos@tra2002f;@eni2002f;292.785;293.153;PART;
_;_;_;_;_;pos@tra2002f;@eni2002f;293.153;293.971;NOUN;
_;_;_;_;_;pos@tra2002f;@eni2002f;293.971;295.105;VERB;
_;_;_;_;_;pos@tra2002f;@eni2002f;296.686;297.429;PRON;
_;_;_;_;_;pos@tra2002f;@eni2002f;297.429;298.0;ADV;
_;_;_;_;_;pos@tra2002f;@eni2002f;298.0;298.916;ADV;
