в	ADP	_	_	_	_	_	words@tra2002f	@tra2002f	0.748	0.906			
общем	ADJ	_	_	_	_	_	words@tra2002f	@tra2002f	0.906	1.267			
существует	VERB	_	_	_	_	_	words@tra2002f	@tra2002f	1.267	1.945			
три	NUM	_	_	_	_	_	words@tra2002f	@tra2002f	1.945	2.186			
картины	NOUN	_	_	_	_	_	words@tra2002f	@tra2002f	2.186	2.92			
в	ADP	_	_	_	_	_	words@tra2002f	@tra2002f	4.054	4.226			
моей	DET	_	_	_	_	_	words@tra2002f	@tra2002f	4.226	4.523			
жизни	NOUN	_	_	_	_	_	words@tra2002f	@tra2002f	4.523	4.804			
на	ADP	_	_	_	_	_	words@tra2002f	@tra2002f	4.804	4.994			
самом	ADJ	_	_	_	_	_	words@tra2002f	@tra2002f	4.994	5.139			
деле	NOUN	_	_	_	_	_	words@tra2002f	@tra2002f	5.139	5.441			
их	PRON	_	_	_	_	_	words@tra2002f	@tra2002f	5.441	5.534			
много	ADV	_	_	_	_	_	words@tra2002f	@tra2002f	5.534	5.895			
но	CCONJ	_	_	_	_	_	words@tra2002f	@tra2002f	5.895	6.046			
вот	PART	_	_	_	_	_	words@tra2002f	@tra2002f	6.046	6.18			
три	NUM	_	_	_	_	_	words@tra2002f	@tra2002f	6.18	6.459			
которые	PRON	_	_	_	_	_	words@tra2002f	@tra2002f	6.459	6.732			
мне	PRON	_	_	_	_	_	words@tra2002f	@tra2002f	6.732	6.918			
прямо	ADV	_	_	_	_	_	words@tra2002f	@tra2002f	6.918	7.24			
запали	VERB	_	_	_	_	_	words@tra2002f	@tra2002f	7.24	7.562			
в	ADP	_	_	_	_	_	words@tra2002f	@tra2002f	7.562	7.732			
душу	NOUN	_	_	_	_	_	words@tra2002f	@tra2002f	7.732	8.209			
в	ADP	_	_	_	_	_	words@tra2002f	@tra2002f	8.209	8.773			
общем	ADJ	_	_	_	_	_	words@tra2002f	@tra2002f	8.773	9.284			
наверно	ADV	_	_	_	_	_	words@tra2002f	@tra2002f	9.284	9.674			
через	ADP	_	_	_	_	_	words@tra2002f	@tra2002f	9.674	9.86			
них	PRON	_	_	_	_	_	words@tra2002f	@tra2002f	9.86	10.151			
можно	ADV	_	_	_	_	_	words@tra2002f	@tra2002f	10.151	10.546			
определить	VERB	_	_	_	_	_	words@tra2002f	@tra2002f	10.546	11.146			
мое	DET	_	_	_	_	_	words@tra2002f	@tra2002f	11.146	11.686			
мироощущение	NOUN	_	_	_	_	_	words@tra2002f	@tra2002f	11.686	12.563			
и	CCONJ	_	_	_	_	_	words@tra2002f	@tra2002f	12.563	12.736			
мою	DET	_	_	_	_	_	words@tra2002f	@tra2002f	12.736	12.994			
собственную	ADJ	_	_	_	_	_	words@tra2002f	@tra2002f	12.994	13.558			
философию	NOUN	_	_	_	_	_	words@tra2002f	@tra2002f	13.558	14.33			
потому	ADV	_	_	_	_	_	words@tra2002f	@tra2002f	14.367	14.593			
что	SCONJ	_	_	_	_	_	words@tra2002f	@tra2002f	14.593	14.808			
ну	PART	_	_	_	_	_	words@tra2002f	@tra2002f	14.808	15.523			
в	ADP	_	_	_	_	_	words@tra2002f	@tra2002f	15.523	15.623			
них	PRON	_	_	_	_	_	words@tra2002f	@tra2002f	15.623	16.023			
есть	VERB	_	_	_	_	_	words@tra2002f	@tra2002f	16.023	16.203			
какие-то	DET	_	_	_	_	_	words@tra2002f	@tra2002f	16.203	16.86			
сходные	ADJ	_	_	_	_	_	words@tra2002f	@tra2002f	16.86	18.61			
как	ADV	_	_	_	_	_	words@tra2002f	@tra2002f	18.61	18.866			
сказать	VERB	_	_	_	_	_	words@tra2002f	@tra2002f	18.866	19.395			
сходные	ADJ	_	_	_	_	_	words@tra2002f	@tra2002f	19.395	19.901			
черты	NOUN	_	_	_	_	_	words@tra2002f	@tra2002f	19.901	20.959			
и	CCONJ	_	_	_	_	_	words@tra2002f	@tra2002f	20.959	21.784			
сходный	ADJ	_	_	_	_	_	words@tra2002f	@tra2002f	21.784	22.232			
смысл	NOUN	_	_	_	_	_	words@tra2002f	@tra2002f	22.232	22.616			
который	PRON	_	_	_	_	_	words@tra2002f	@tra2002f	22.616	22.848			
я	PRON	_	_	_	_	_	words@tra2002f	@tra2002f	22.848	23.075			
сама	ADJ	_	_	_	_	_	words@tra2002f	@tra2002f	23.075	23.313			
в	ADP	_	_	_	_	_	words@tra2002f	@tra2002f	23.313	23.395			
них	PRON	_	_	_	_	_	words@tra2002f	@tra2002f	23.395	23.534			
вкладываю	VERB	_	_	_	_	_	words@tra2002f	@tra2002f	23.534	24.168			
вообще	ADV	_	_	_	_	_	words@tra2002f	@tra2002f	24.168	24.47			
в	ADP	_	_	_	_	_	words@tra2002f	@tra2002f	24.47	24.546			
при-при…	NOUN	_	_	_	_	_	words@tra2002f	@tra2002f	24.546	25.192			
нет	PART	_	_	_	_	_	words@tra2002f	@tra2002f	33.14	33.406			
конечно	ADV	_	_	_	_	_	words@tra2002f	@tra2002f	33.406	33.843			
я	PRON	_	_	_	_	_	words@tra2002f	@tra2002f	33.843	34.159			
их	PRON	_	_	_	_	_	words@tra2002f	@tra2002f	34.159	34.224			
специально	ADV	_	_	_	_	_	words@tra2002f	@tra2002f	34.224	34.61			
не	PART	_	_	_	_	_	words@tra2002f	@tra2002f	34.61	34.738			
искала	VERB	_	_	_	_	_	words@tra2002f	@tra2002f	34.738	35.106			
они	PRON	_	_	_	_	_	words@tra2002f	@tra2002f	35.106	35.309			
попадались	VERB	_	_	_	_	_	words@tra2002f	@tra2002f	35.309	35.879			
сами	ADJ	_	_	_	_	_	words@tra2002f	@tra2002f	35.879	36.709			
но	CCONJ	_	_	_	_	_	words@tra2002f	@tra2002f	36.709	37.767			
в	ADP	_	_	_	_	_	words@tra2002f	@tra2002f	37.767	37.864			
таких	DET	_	_	_	_	_	words@tra2002f	@tra2002f	37.864	38.147			
местах	NOUN	_	_	_	_	_	words@tra2002f	@tra2002f	38.147	38.618			
где	ADV	_	_	_	_	_	words@tra2002f	@tra2002f	38.618	38.829			
их	PRON	_	_	_	_	_	words@tra2002f	@tra2002f	38.829	38.946			
можно	ADV	_	_	_	_	_	words@tra2002f	@tra2002f	38.946	39.249			
встретить	VERB	_	_	_	_	_	words@tra2002f	@tra2002f	39.249	39.909			
то	PRON	_	_	_	_	_	words@tra2002f	@tra2002f	40.307	40.452			
есть	VERB	_	_	_	_	_	words@tra2002f	@tra2002f	40.452	40.674			
первые	ADJ	_	_	_	_	_	words@tra2002f	@tra2002f	40.674	41.155			
две	NUM	_	_	_	_	_	words@tra2002f	@tra2002f	41.155	41.51			
попались	VERB	_	_	_	_	_	words@tra2002f	@tra2002f	41.51	41.986			
мне	PRON	_	_	_	_	_	words@tra2002f	@tra2002f	41.986	43.265			
в	ADP	_	_	_	_	_	words@tra2002f	@tra2002f	43.265	43.327			
филармонии	NOUN	_	_	_	_	_	words@tra2002f	@tra2002f	43.327	44.26			
в	ADP	_	_	_	_	_	words@tra2002f	@tra2002f	44.26	44.314			
нашей	DET	_	_	_	_	_	words@tra2002f	@tra2002f	44.314	44.496			
в	ADP	_	_	_	_	_	words@tra2002f	@tra2002f	44.496	44.593			
тольяттинской	ADJ	_	_	_	_	_	words@tra2002f	@tra2002f	44.593	45.491			
аа	NOUN	_	_	_	_	_	words@tra2002f	@tra2002f	45.983	47.39			
там	ADV	_	_	_	_	_	words@tra2002f	@tra2002f	47.39	47.729			
была	AUX	_	_	_	_	_	words@tra2002f	@tra2002f	47.729	47.997			
вот	PART	_	_	_	_	_	words@tra2002f	@tra2002f	47.997	48.129			
ну	PART	_	_	_	_	_	words@tra2002f	@tra2002f	48.129	48.265			
вот	PART	_	_	_	_	_	words@tra2002f	@tra2002f	48.265	48.441			
там	ADV	_	_	_	_	_	words@tra2002f	@tra2002f	48.441	48.605			
часто	ADV	_	_	_	_	_	words@tra2002f	@tra2002f	48.605	48.907			
бывают	VERB	_	_	_	_	_	words@tra2002f	@tra2002f	48.907	49.159			
эти	DET	_	_	_	_	_	words@tra2002f	@tra2002f	49.159	49.732			
выставки	NOUN	_	_	_	_	_	words@tra2002f	@tra2002f	49.732	50.205			
которые	PRON	_	_	_	_	_	words@tra2002f	@tra2002f	50.205	50.565			
передвигаются	VERB	_	_	_	_	_	words@tra2002f	@tra2002f	50.565	51.421			
вот	PART	_	_	_	_	_	words@tra2002f	@tra2002f	51.912	52.614			
передвижные	ADJ	_	_	_	_	_	words@tra2002f	@tra2002f	52.614	53.055			
выставки	NOUN	_	_	_	_	_	words@tra2002f	@tra2002f	53.055	53.475			
вроде	ADV	_	_	_	_	_	words@tra2002f	@tra2002f	53.475	53.665			
так	ADV	_	_	_	_	_	words@tra2002f	@tra2002f	53.665	53.808			
и	CCONJ	_	_	_	_	_	words@tra2002f	@tra2002f	53.808	53.849			
называется	VERB	_	_	_	_	_	words@tra2002f	@tra2002f	53.849	54.526			
вот	PART	_	_	_	_	_	words@tra2002f	@tra2002f	54.737	55.05			
и	CCONJ	_	_	_	_	_	words@tra2002f	@tra2002f	55.05	55.177			
в	ADP	_	_	_	_	_	words@tra2002f	@tra2002f	55.177	55.247			
общем	ADJ	_	_	_	_	_	words@tra2002f	@tra2002f	55.247	56.986			
одна	NUM	_	_	_	_	_	words@tra2002f	@tra2002f	56.986	57.374			
из	ADP	_	_	_	_	_	words@tra2002f	@tra2002f	57.374	57.517			
них	PRON	_	_	_	_	_	words@tra2002f	@tra2002f	57.517	58.009			
ээ	NOUN	_	_	_	_	_	words@tra2002f	@tra2002f	58.009	58.378			
называется	VERB	_	_	_	_	_	words@tra2002f	@tra2002f	58.378	58.884			
Медный	ADJ	_	_	_	_	_	words@tra2002f	@tra2002f	58.884	59.184			
ковш	NOUN	_	_	_	_	_	words@tra2002f	@tra2002f	59.184	59.72			
да-да-да	CCONJ	_	_	_	_	_	words@tra2002f	@tra2002f	60.719	61.441			
я	PRON	_	_	_	_	_	words@tra2002f	@tra2002f	61.441	61.595			
щас	ADV	_	_	_	_	_	words@tra2002f	@tra2002f	61.595	61.826			
все	PRON	_	_	_	_	_	words@tra2002f	@tra2002f	61.826	61.983			
буду	AUX	_	_	_	_	_	words@tra2002f	@tra2002f	61.983	62.187			
объяснять	VERB	_	_	_	_	_	words@tra2002f	@tra2002f	62.187	62.816			
другая	ADJ	_	_	_	_	_	words@tra2002f	@tra2002f	62.829	63.284			
называется	VERB	_	_	_	_	_	words@tra2002f	@tra2002f	63.284	64.875			
аа	CCONJ	_	_	_	_	_	words@tra2002f	@tra2002f	64.875	65.314			
не	PART	_	_	_	_	_	words@tra2002f	@tra2002f	65.314	65.376			
помню	VERB	_	_	_	_	_	words@tra2002f	@tra2002f	65.376	65.635			
как	SCONJ	_	_	_	_	_	words@tra2002f	@tra2002f	65.635	65.808			
называется	VERB	_	_	_	_	_	words@tra2002f	@tra2002f	65.808	66.193			
но	CCONJ	_	_	_	_	_	words@tra2002f	@tra2002f	66.193	66.3			
это	PRON	_	_	_	_	_	words@tra2002f	@tra2002f	66.3	66.48			
в	ADP	_	_	_	_	_	words@tra2002f	@tra2002f	66.48	66.554			
целом	NOUN	_	_	_	_	_	words@tra2002f	@tra2002f	66.554	66.877			
просто	PART	_	_	_	_	_	words@tra2002f	@tra2002f	66.877	67.454			
охотничий	ADJ	_	_	_	_	_	words@tra2002f	@tra2002f	67.454	67.879			
натюрморт	NOUN	_	_	_	_	_	words@tra2002f	@tra2002f	67.879	68.933			
вот	PART	_	_	_	_	_	words@tra2002f	@tra2002f	68.933	69.704			
какой-то	DET	_	_	_	_	_	words@tra2002f	@tra2002f	69.704	70.332			
не	PART	_	_	_	_	_	words@tra2002f	@tra2002f	70.508	70.674			
знаю-с	VERB	_	_	_	_	_	words@tra2002f	@tra2002f	70.674	71.099			
правильно	ADV	_	_	_	_	_	words@tra2002f	@tra2002f	71.099	71.538			
ли	PART	_	_	_	_	_	words@tra2002f	@tra2002f	71.538	71.625			
это	PRON	_	_	_	_	_	words@tra2002f	@tra2002f	71.625	71.69			
сказано	VERB	_	_	_	_	_	words@tra2002f	@tra2002f	71.69	72.23			
нет	PART	_	_	_	_	_	words@tra2002f	@tra2002f	72.23	72.551			
я	PRON	_	_	_	_	_	words@tra2002f	@tra2002f	72.551	72.683			
даже	PART	_	_	_	_	_	words@tra2002f	@tra2002f	72.683	72.836			
вспомню	VERB	_	_	_	_	_	words@tra2002f	@tra2002f	72.836	73.568			
охотничий	ADJ	_	_	_	_	_	words@tra2002f	@tra2002f	73.568	74.334			
натюрморт	NOUN	_	_	_	_	_	words@tra2002f	@tra2002f	74.334	74.986			
с	ADP	_	_	_	_	_	words@tra2002f	@tra2002f	74.986	75.357			
перепелками	NOUN	_	_	_	_	_	words@tra2002f	@tra2002f	75.357	76.503			
по-моему	ADV	_	_	_	_	_	words@tra2002f	@tra2002f	76.503	77.227			
да	CCONJ	_	_	_	_	_	words@tra2002f	@tra2002f	81.385	81.584			
или	CCONJ	_	_	_	_	_	words@tra2002f	@tra2002f	81.584	81.759			
не	PART	_	_	_	_	_	words@tra2002f	@tra2002f	81.759	81.815			
с	ADP	_	_	_	_	_	words@tra2002f	@tra2002f	81.815	81.857			
перепелками	NOUN	_	_	_	_	_	words@tra2002f	@tra2002f	81.857	82.34			
с	ADP	_	_	_	_	_	words@tra2002f	@tra2002f	82.34	82.432			
куропатками	NOUN	_	_	_	_	_	words@tra2002f	@tra2002f	82.432	82.983			
что	PRON	_	_	_	_	_	words@tra2002f	@tra2002f	82.983	83.097			
ли	PART	_	_	_	_	_	words@tra2002f	@tra2002f	83.097	83.177			
ну	PART	_	_	_	_	_	words@tra2002f	@tra2002f	83.177	83.266			
в	ADP	_	_	_	_	_	words@tra2002f	@tra2002f	83.266	83.293			
общем	ADJ	_	_	_	_	_	words@tra2002f	@tra2002f	83.293	83.914			
с	ADP	_	_	_	_	_	words@tra2002f	@tra2002f	83.914	83.99			
какими-то	DET	_	_	_	_	_	words@tra2002f	@tra2002f	83.99	84.43			
птицами	NOUN	_	_	_	_	_	words@tra2002f	@tra2002f	84.43	84.859			
большими	ADJ	_	_	_	_	_	words@tra2002f	@tra2002f	84.859	85.384			
толстыми	ADJ	_	_	_	_	_	words@tra2002f	@tra2002f	85.384	85.89			
и	CCONJ	_	_	_	_	_	words@tra2002f	@tra2002f	85.89	85.942			
красивыми	ADJ	_	_	_	_	_	words@tra2002f	@tra2002f	85.942	86.5			
#смеется#	VERB	_	_	_	_	_	words@tra2002f	@tra2002f	86.513	87.916			
вроде	ADP	_	_	_	_	_	words@tra2002f	@tra2002f	87.925	88.253			
того	PRON	_	_	_	_	_	words@tra2002f	@tra2002f	88.253	88.925			
вот	PART	_	_	_	_	_	words@tra2002f	@tra2002f	89.017	89.307			
а	CCONJ	_	_	_	_	_	words@tra2002f	@tra2002f	89.307	89.452			
третью	ADJ	_	_	_	_	_	words@tra2002f	@tra2002f	89.452	89.913			
я	PRON	_	_	_	_	_	words@tra2002f	@tra2002f	89.913	90.199			
нашла	VERB	_	_	_	_	_	words@tra2002f	@tra2002f	90.199	90.486			
совершенно	ADV	_	_	_	_	_	words@tra2002f	@tra2002f	90.486	90.9			
случайно	ADV	_	_	_	_	_	words@tra2002f	@tra2002f	90.9	91.399			
мы	PRON	_	_	_	_	_	words@tra2002f	@tra2002f	91.399	91.467			
с	ADP	_	_	_	_	_	words@tra2002f	@tra2002f	91.467	91.584			
родителями	NOUN	_	_	_	_	_	words@tra2002f	@tra2002f	91.584	92.099			
когда	SCONJ	_	_	_	_	_	words@tra2002f	@tra2002f	92.099	92.454			
приехали	VERB	_	_	_	_	_	words@tra2002f	@tra2002f	92.454	92.809			
в	ADP	_	_	_	_	_	words@tra2002f	@tra2002f	92.809	92.887			
Нижний	ADJ	_	_	_	_	_	words@tra2002f	@tra2002f	92.887	93.136			
Новгород	PROPN	_	_	_	_	_	words@tra2002f	@tra2002f	93.136	93.502			
они	PRON	_	_	_	_	_	words@tra2002f	@tra2002f	93.502	93.708			
мне	PRON	_	_	_	_	_	words@tra2002f	@tra2002f	93.708	93.85			
помогали	VERB	_	_	_	_	_	words@tra2002f	@tra2002f	93.85	94.28			
переезжать	VERB	_	_	_	_	_	words@tra2002f	@tra2002f	94.28	94.676			
из	ADP	_	_	_	_	_	words@tra2002f	@tra2002f	94.676	94.752			
первого	ADJ	_	_	_	_	_	words@tra2002f	@tra2002f	94.752	95.029			
общежития	NOUN	_	_	_	_	_	words@tra2002f	@tra2002f	95.029	95.352			
во	ADP	_	_	_	_	_	words@tra2002f	@tra2002f	95.352	95.48			
второе	ADJ	_	_	_	_	_	words@tra2002f	@tra2002f	95.48	96.0			
аа	NOUN	_	_	_	_	_	words@tra2002f	@tra2002f	96.635	96.964			
и	CCONJ	_	_	_	_	_	words@tra2002f	@tra2002f	96.964	97.008			
мы	PRON	_	_	_	_	_	words@tra2002f	@tra2002f	97.008	97.121			
пришли	VERB	_	_	_	_	_	words@tra2002f	@tra2002f	97.121	97.343			
в	ADP	_	_	_	_	_	words@tra2002f	@tra2002f	97.343	97.384			
ресторан	NOUN	_	_	_	_	_	words@tra2002f	@tra2002f	97.384	97.962			
Хурма	PROPN	_	_	_	_	_	words@tra2002f	@tra2002f	98.034	98.336			
называется	VERB	_	_	_	_	_	words@tra2002f	@tra2002f	98.336	99.054			
вот	PART	_	_	_	_	_	words@tra2002f	@tra2002f	99.437	99.911			
там	ADV	_	_	_	_	_	words@tra2002f	@tra2002f	99.911	100.235			
висела	VERB	_	_	_	_	_	words@tra2002f	@tra2002f	100.235	100.622			
картина	NOUN	_	_	_	_	_	words@tra2002f	@tra2002f	100.622	101.333			
на	ADP	_	_	_	_	_	words@tra2002f	@tra2002f	102.132	102.363			
ней	PRON	_	_	_	_	_	words@tra2002f	@tra2002f	102.363	102.499			
нет	VERB	_	_	_	_	_	words@tra2002f	@tra2002f	102.499	102.665			
никакого	DET	_	_	_	_	_	words@tra2002f	@tra2002f	102.665	103.166			
названия	NOUN	_	_	_	_	_	words@tra2002f	@tra2002f	103.166	103.667			
там	ADV	_	_	_	_	_	words@tra2002f	@tra2002f	103.667	103.863			
просто	PART	_	_	_	_	_	words@tra2002f	@tra2002f	103.863	104.169			
нарисованы	VERB	_	_	_	_	_	words@tra2002f	@tra2002f	104.169	104.965			
рыбы	NOUN	_	_	_	_	_	words@tra2002f	@tra2002f	104.965	105.676			
очень	ADV	_	_	_	_	_	words@tra2002f	@tra2002f	105.791	106.306			
много	ADV	_	_	_	_	_	words@tra2002f	@tra2002f	106.306	106.968			
рыбы	NOUN	_	_	_	_	_	words@tra2002f	@tra2002f	106.968	107.63			
я	PRON	_	_	_	_	_	words@tra2002f	@tra2002f	107.668	107.891			
не	PART	_	_	_	_	_	words@tra2002f	@tra2002f	107.891	108.042			
знаю	VERB	_	_	_	_	_	words@tra2002f	@tra2002f	108.042	108.594			
вообще	ADV	_	_	_	_	_	words@tra2002f	@tra2002f	108.594	109.028			
даже	PART	_	_	_	_	_	words@tra2002f	@tra2002f	109.028	109.924			
что	PRON	_	_	_	_	_	words@tra2002f	@tra2002f	109.924	110.136			
это	PRON	_	_	_	_	_	words@tra2002f	@tra2002f	110.136	110.301			
за	ADP	_	_	_	_	_	words@tra2002f	@tra2002f	110.301	110.377			
рыбы	NOUN	_	_	_	_	_	words@tra2002f	@tra2002f	110.377	110.641			
то	PRON	_	_	_	_	_	words@tra2002f	@tra2002f	110.641	110.745			
есть	VERB	_	_	_	_	_	words@tra2002f	@tra2002f	110.745	110.943			
форель	NOUN	_	_	_	_	_	words@tra2002f	@tra2002f	110.943	111.41			
там	ADV	_	_	_	_	_	words@tra2002f	@tra2002f	111.41	111.613			
или	CCONJ	_	_	_	_	_	words@tra2002f	@tra2002f	111.613	111.726			
лосось	NOUN	_	_	_	_	_	words@tra2002f	@tra2002f	111.726	112.349			
я	PRON	_	_	_	_	_	words@tra2002f	@tra2002f	112.349	112.502			
еще	ADV	_	_	_	_	_	words@tra2002f	@tra2002f	112.502	112.637			
у	ADP	_	_	_	_	_	words@tra2002f	@tra2002f	112.637	112.675			
родителей	NOUN	_	_	_	_	_	words@tra2002f	@tra2002f	112.675	113.07			
спрашивала	VERB	_	_	_	_	_	words@tra2002f	@tra2002f	113.07	113.718			
но	CCONJ	_	_	_	_	_	words@tra2002f	@tra2002f	113.718	113.791			
я	PRON	_	_	_	_	_	words@tra2002f	@tra2002f	113.791	113.905			
сидела	VERB	_	_	_	_	_	words@tra2002f	@tra2002f	113.905	114.281			
прям	ADV	_	_	_	_	_	words@tra2002f	@tra2002f	114.281	114.556			
напротив	ADP	_	_	_	_	_	words@tra2002f	@tra2002f	114.556	114.959			
нее	PRON	_	_	_	_	_	words@tra2002f	@tra2002f	114.959	115.305			
я	PRON	_	_	_	_	_	words@tra2002f	@tra2002f	115.305	115.536			
пересела	VERB	_	_	_	_	_	words@tra2002f	@tra2002f	115.536	115.816			
с	ADP	_	_	_	_	_	words@tra2002f	@tra2002f	115.816	115.997			
одного	DET	_	_	_	_	_	words@tra2002f	@tra2002f	115.997	116.129			
стула	NOUN	_	_	_	_	_	words@tra2002f	@tra2002f	116.129	116.31			
на	ADP	_	_	_	_	_	words@tra2002f	@tra2002f	116.31	116.397			
другой	ADJ	_	_	_	_	_	words@tra2002f	@tra2002f	116.397	116.645			
увидела	VERB	_	_	_	_	_	words@tra2002f	@tra2002f	116.645	117.083			
я	PRON	_	_	_	_	_	words@tra2002f	@tra2002f	117.083	117.232			
просто	PART	_	_	_	_	_	words@tra2002f	@tra2002f	117.232	117.491			
как	SCONJ	_	_	_	_	_	words@tra2002f	@tra2002f	117.491	117.846			
#вздохи	NOUN	_	_	_	_	_	words@tra2002f	@tra2002f	117.85	118.762			
восхищения#	NOUN	_	_	_	_	_	words@tra2002f	@tra2002f	118.762	119.675			
да	CCONJ	_	_	_	_	_	words@tra2002f	@tra2002f	121.337	122.121			
это	PRON	_	_	_	_	_	words@tra2002f	@tra2002f	122.242	122.454			
была	AUX	_	_	_	_	_	words@tra2002f	@tra2002f	122.454	122.694			
просто	PART	_	_	_	_	_	words@tra2002f	@tra2002f	122.694	122.972			
огромная	ADJ	_	_	_	_	_	words@tra2002f	@tra2002f	122.972	123.424			
картина	NOUN	_	_	_	_	_	words@tra2002f	@tra2002f	123.424	123.956			
ну	PART	_	_	_	_	_	words@tra2002f	@tra2002f	123.956	124.064			
не	PART	_	_	_	_	_	words@tra2002f	@tra2002f	124.064	124.145			
знаю	VERB	_	_	_	_	_	words@tra2002f	@tra2002f	124.145	124.429			
наверное	ADV	_	_	_	_	_	words@tra2002f	@tra2002f	124.429	124.799			
как	SCONJ	_	_	_	_	_	words@tra2002f	@tra2002f	124.799	125.431			
ну	PART	_	_	_	_	_	words@tra2002f	@tra2002f	127.108	127.348			
вот	PART	_	_	_	_	_	words@tra2002f	@tra2002f	127.348	127.537			
в	ADP	_	_	_	_	_	words@tra2002f	@tra2002f	127.537	127.632			
полстены	NOUN	_	_	_	_	_	words@tra2002f	@tra2002f	127.632	128.318			
вот	PART	_	_	_	_	_	words@tra2002f	@tra2002f	128.318	128.456			
если	SCONJ	_	_	_	_	_	words@tra2002f	@tra2002f	128.456	128.685			
вот	PART	_	_	_	_	_	words@tra2002f	@tra2002f	128.685	128.87			
от	ADP	_	_	_	_	_	words@tra2002f	@tra2002f	128.87	128.981			
полки	NOUN	_	_	_	_	_	words@tra2002f	@tra2002f	128.981	129.356			
вот	PART	_	_	_	_	_	words@tra2002f	@tra2002f	129.356	129.589			
до	ADP	_	_	_	_	_	words@tra2002f	@tra2002f	129.589	129.732			
этой	DET	_	_	_	_	_	words@tra2002f	@tra2002f	129.732	129.994			
деревянной	ADJ	_	_	_	_	_	words@tra2002f	@tra2002f	129.994	130.391			
панели	NOUN	_	_	_	_	_	words@tra2002f	@tra2002f	130.391	131.013			
вот	PART	_	_	_	_	_	words@tra2002f	@tra2002f	132.227	132.81			
оч	ADV	_	_	_	_	_	words@tra2002f	@tra2002f	133.364	133.794			
красиво	ADV	_	_	_	_	_	words@tra2002f	@tra2002f	133.794	134.224			
в	ADP	_	_	_	_	_	words@tra2002f	@tra2002f	134.224	134.278			
общем	ADJ	_	_	_	_	_	words@tra2002f	@tra2002f	134.278	134.665			
первая	ADJ	_	_	_	_	_	words@tra2002f	@tra2002f	134.665	135.002			
картина	NOUN	_	_	_	_	_	words@tra2002f	@tra2002f	135.002	135.372			
медный	ADJ	_	_	_	_	_	words@tra2002f	@tra2002f	135.372	135.654			
ковш	NOUN	_	_	_	_	_	words@tra2002f	@tra2002f	135.654	136.216			
мне	PRON	_	_	_	_	_	words@tra2002f	@tra2002f	136.835	137.171			
было	AUX	_	_	_	_	_	words@tra2002f	@tra2002f	137.171	137.356			
шестнадцать	NUM	_	_	_	_	_	words@tra2002f	@tra2002f	137.356	137.733			
лет	NOUN	_	_	_	_	_	words@tra2002f	@tra2002f	137.733	137.918			
я	PRON	_	_	_	_	_	words@tra2002f	@tra2002f	138.903	139.119			
пришла	VERB	_	_	_	_	_	words@tra2002f	@tra2002f	139.119	139.543			
на	ADP	_	_	_	_	_	words@tra2002f	@tra2002f	139.543	139.719			
выступление	NOUN	_	_	_	_	_	words@tra2002f	@tra2002f	139.719	140.164			
какое-то	DET	_	_	_	_	_	words@tra2002f	@tra2002f	140.164	140.81			
симфонического	ADJ	_	_	_	_	_	words@tra2002f	@tra2002f	140.81	141.559			
оркестра	NOUN	_	_	_	_	_	words@tra2002f	@tra2002f	141.559	141.982			
или	CCONJ	_	_	_	_	_	words@tra2002f	@tra2002f	141.982	142.098			
чего	PRON	_	_	_	_	_	words@tra2002f	@tra2002f	142.098	142.298			
в	ADP	_	_	_	_	_	words@tra2002f	@tra2002f	142.298	142.35			
общем	ADJ	_	_	_	_	_	words@tra2002f	@tra2002f	142.35	142.535			
не	PART	_	_	_	_	_	words@tra2002f	@tra2002f	142.535	142.72			
так	ADV	_	_	_	_	_	words@tra2002f	@tra2002f	142.72	142.831			
важно	ADJ	_	_	_	_	_	words@tra2002f	@tra2002f	142.831	143.243			
вот	PART	_	_	_	_	_	words@tra2002f	@tra2002f	143.847	144.173			
и	CCONJ	_	_	_	_	_	words@tra2002f	@tra2002f	144.173	144.23			
в	ADP	_	_	_	_	_	words@tra2002f	@tra2002f	144.23	144.295			
общем	ADJ	_	_	_	_	_	words@tra2002f	@tra2002f	144.295	144.851			
э	NOUN	_	_	_	_	_	words@tra2002f	@tra2002f	144.863	145.074			
в	ADP	_	_	_	_	_	words@tra2002f	@tra2002f	145.074	145.234			
антракте	NOUN	_	_	_	_	_	words@tra2002f	@tra2002f	145.234	145.703			
я	PRON	_	_	_	_	_	words@tra2002f	@tra2002f	145.703	145.808			
выхожу	VERB	_	_	_	_	_	words@tra2002f	@tra2002f	145.808	146.55			
я	PRON	_	_	_	_	_	words@tra2002f	@tra2002f	146.55	146.769			
вижу	VERB	_	_	_	_	_	words@tra2002f	@tra2002f	146.769	146.948			
эту	DET	_	_	_	_	_	words@tra2002f	@tra2002f	146.948	147.112			
картину	NOUN	_	_	_	_	_	words@tra2002f	@tra2002f	147.112	147.73			
и	CCONJ	_	_	_	_	_	words@tra2002f	@tra2002f	147.73	147.851			
конечно	ADV	_	_	_	_	_	words@tra2002f	@tra2002f	147.851	148.244			
оно	PRON	_	_	_	_	_	words@tra2002f	@tra2002f	148.244	148.637			
не	PART	_	_	_	_	_	words@tra2002f	@tra2002f	148.637	148.847			
всегда	ADV	_	_	_	_	_	words@tra2002f	@tra2002f	148.847	149.177			
срабатывает	VERB	_	_	_	_	_	words@tra2002f	@tra2002f	149.177	149.663			
вот	PART	_	_	_	_	_	words@tra2002f	@tra2002f	149.663	149.801			
так	ADV	_	_	_	_	_	words@tra2002f	@tra2002f	149.801	150.404			
то	PRON	_	_	_	_	_	words@tra2002f	@tra2002f	150.675	150.728			
есть	VERB	_	_	_	_	_	words@tra2002f	@tra2002f	150.728	150.799			
я	PRON	_	_	_	_	_	words@tra2002f	@tra2002f	150.799	150.914			
просто	PART	_	_	_	_	_	words@tra2002f	@tra2002f	150.914	151.144			
рассматривала	VERB	_	_	_	_	_	words@tra2002f	@tra2002f	151.144	151.867			
ее	PRON	_	_	_	_	_	words@tra2002f	@tra2002f	151.867	152.364			
и	CCONJ	_	_	_	_	_	words@tra2002f	@tra2002f	152.364	152.406			
наверное	ADV	_	_	_	_	_	words@tra2002f	@tra2002f	152.406	152.819			
больше	ADV	_	_	_	_	_	words@tra2002f	@tra2002f	152.819	153.175			
она	PRON	_	_	_	_	_	words@tra2002f	@tra2002f	153.175	153.338			
мне	PRON	_	_	_	_	_	words@tra2002f	@tra2002f	153.338	153.517			
даже	PART	_	_	_	_	_	words@tra2002f	@tra2002f	153.517	153.767			
запомнилась	VERB	_	_	_	_	_	words@tra2002f	@tra2002f	153.767	154.674			
э	CCONJ	_	_	_	_	_	words@tra2002f	@tra2002f	155.147	155.3			
именно	PART	_	_	_	_	_	words@tra2002f	@tra2002f	155.3	156.066			
ну	PART	_	_	_	_	_	words@tra2002f	@tra2002f	156.608	156.729			
как	ADV	_	_	_	_	_	words@tra2002f	@tra2002f	156.729	157.405			
она	PRON	_	_	_	_	_	words@tra2002f	@tra2002f	158.648	159.522			
как	ADV	_	_	_	_	_	words@tra2002f	@tra2002f	159.522	159.697			
сказать	VERB	_	_	_	_	_	words@tra2002f	@tra2002f	159.697	160.792			
не	PART	_	_	_	_	_	words@tra2002f	@tra2002f	160.792	161.008			
запомнилась	VERB	_	_	_	_	_	words@tra2002f	@tra2002f	161.008	161.642			
аа	CCONJ	_	_	_	_	_	words@tra2002f	@tra2002f	161.642	161.876			
почему	ADV	_	_	_	_	_	words@tra2002f	@tra2002f	161.876	162.257			
она	PRON	_	_	_	_	_	words@tra2002f	@tra2002f	162.257	163.373			
почему	ADV	_	_	_	_	_	words@tra2002f	@tra2002f	163.373	163.855			
она	PRON	_	_	_	_	_	words@tra2002f	@tra2002f	163.855	164.008			
зацепила	VERB	_	_	_	_	_	words@tra2002f	@tra2002f	164.008	165.654			
мой	DET	_	_	_	_	_	words@tra2002f	@tra2002f	165.654	165.815			
взгляд	NOUN	_	_	_	_	_	words@tra2002f	@tra2002f	165.815	166.257			
и	CCONJ	_	_	_	_	_	words@tra2002f	@tra2002f	166.257	166.35			
мое	DET	_	_	_	_	_	words@tra2002f	@tra2002f	166.35	166.695			
внимание	NOUN	_	_	_	_	_	words@tra2002f	@tra2002f	166.695	167.159			
на	ADP	_	_	_	_	_	words@tra2002f	@tra2002f	167.159	167.538			
такое	DET	_	_	_	_	_	words@tra2002f	@tra2002f	167.538	167.812			
долгое	ADJ	_	_	_	_	_	words@tra2002f	@tra2002f	167.812	168.144			
время	NOUN	_	_	_	_	_	words@tra2002f	@tra2002f	168.144	168.675			
потому	ADV	_	_	_	_	_	words@tra2002f	@tra2002f	169.406	169.756			
что	SCONJ	_	_	_	_	_	words@tra2002f	@tra2002f	169.756	169.903			
я	PRON	_	_	_	_	_	words@tra2002f	@tra2002f	169.903	170.084			
в	ADP	_	_	_	_	_	words@tra2002f	@tra2002f	170.084	170.127			
нее	PRON	_	_	_	_	_	words@tra2002f	@tra2002f	170.127	170.264			
много	ADV	_	_	_	_	_	words@tra2002f	@tra2002f	170.264	170.552			
вложила	VERB	_	_	_	_	_	words@tra2002f	@tra2002f	170.552	171.186			
ну	PART	_	_	_	_	_	words@tra2002f	@tra2002f	171.337	171.361			
то	PRON	_	_	_	_	_	words@tra2002f	@tra2002f	171.361	171.402			
есть	VERB	_	_	_	_	_	words@tra2002f	@tra2002f	171.402	171.472			
как	SCONJ	_	_	_	_	_	words@tra2002f	@tra2002f	171.472	171.667			
в	ADP	_	_	_	_	_	words@tra2002f	@tra2002f	171.667	171.774			
жизни	NOUN	_	_	_	_	_	words@tra2002f	@tra2002f	171.774	171.949			
оно	PRON	_	_	_	_	_	words@tra2002f	@tra2002f	171.949	172.084			
обычно	ADV	_	_	_	_	_	words@tra2002f	@tra2002f	172.084	172.413			
бывает	VERB	_	_	_	_	_	words@tra2002f	@tra2002f	172.413	172.876			
мы	PRON	_	_	_	_	_	words@tra2002f	@tra2002f	172.876	173.908			
цепляемся	VERB	_	_	_	_	_	words@tra2002f	@tra2002f	173.908	174.531			
за	ADP	_	_	_	_	_	words@tra2002f	@tra2002f	174.531	174.661			
т…	PRON	_	_	_	_	_	words@tra2002f	@tra2002f	174.661	174.799			
за	ADP	_	_	_	_	_	words@tra2002f	@tra2002f	174.799	175.064			
тех	DET	_	_	_	_	_	words@tra2002f	@tra2002f	175.064	175.257			
людей	NOUN	_	_	_	_	_	words@tra2002f	@tra2002f	175.257	175.629			
и	CCONJ	_	_	_	_	_	words@tra2002f	@tra2002f	175.629	175.672			
дорожим	VERB	_	_	_	_	_	words@tra2002f	@tra2002f	175.672	176.025			
теми	DET	_	_	_	_	_	words@tra2002f	@tra2002f	176.025	176.264			
в	ADP	_	_	_	_	_	words@tra2002f	@tra2002f	176.264	176.302			
кого	PRON	_	_	_	_	_	words@tra2002f	@tra2002f	176.302	176.481			
мы	PRON	_	_	_	_	_	words@tra2002f	@tra2002f	176.481	176.788			
сами	ADJ	_	_	_	_	_	words@tra2002f	@tra2002f	176.788	177.001			
много	ADV	_	_	_	_	_	words@tra2002f	@tra2002f	177.001	177.289			
вложили	VERB	_	_	_	_	_	words@tra2002f	@tra2002f	177.289	177.837			
то	PRON	_	_	_	_	_	words@tra2002f	@tra2002f	178.372	178.652			
есть	VERB	_	_	_	_	_	words@tra2002f	@tra2002f	178.652	178.963			
э	PART	_	_	_	_	_	words@tra2002f	@tra2002f	178.963	179.04			
своей	DET	_	_	_	_	_	words@tra2002f	@tra2002f	179.04	180.387			
своих	DET	_	_	_	_	_	words@tra2002f	@tra2002f	180.387	181.147			
эмоций	NOUN	_	_	_	_	_	words@tra2002f	@tra2002f	181.147	181.686			
своего	DET	_	_	_	_	_	words@tra2002f	@tra2002f	181.686	182.015			
времени	NOUN	_	_	_	_	_	words@tra2002f	@tra2002f	182.015	182.753			
вот	PART	_	_	_	_	_	words@tra2002f	@tra2002f	184.31	184.929			
то	PRON	_	_	_	_	_	words@tra2002f	@tra2002f	184.929	185.064			
есть	VERB	_	_	_	_	_	words@tra2002f	@tra2002f	185.064	185.469			
и	CCONJ	_	_	_	_	_	words@tra2002f	@tra2002f	185.469	185.622			
годы	NOUN	_	_	_	_	_	words@tra2002f	@tra2002f	185.622	186.021			
и	CCONJ	_	_	_	_	_	words@tra2002f	@tra2002f	186.021	186.172			
все	PRON	_	_	_	_	_	words@tra2002f	@tra2002f	186.172	186.311			
такое	DET	_	_	_	_	_	words@tra2002f	@tra2002f	186.311	186.731			
прочее	ADJ	_	_	_	_	_	words@tra2002f	@tra2002f	186.731	187.176			
вот	PART	_	_	_	_	_	words@tra2002f	@tra2002f	187.176	187.621			
в	ADP	_	_	_	_	_	words@tra2002f	@tra2002f	187.944	188.038			
общем	ADJ	_	_	_	_	_	words@tra2002f	@tra2002f	188.038	188.339			
медный	ADJ	_	_	_	_	_	words@tra2002f	@tra2002f	188.339	188.889			
ковш	NOUN	_	_	_	_	_	words@tra2002f	@tra2002f	188.889	189.11			
она	PRON	_	_	_	_	_	words@tra2002f	@tra2002f	189.11	189.27			
называется	VERB	_	_	_	_	_	words@tra2002f	@tra2002f	189.27	189.901			
нет	PART	_	_	_	_	_	words@tra2002f	@tra2002f	191.789	192.26			
первое	ADJ	_	_	_	_	_	words@tra2002f	@tra2002f	192.26	192.59			
самое	ADJ	_	_	_	_	_	words@tra2002f	@tra2002f	192.59	192.869			
с	ADP	_	_	_	_	_	words@tra2002f	@tra2002f	192.869	192.942			
рыбами	NOUN	_	_	_	_	_	words@tra2002f	@tra2002f	192.942	193.183			
эт	PRON	_	_	_	_	_	words@tra2002f	@tra2002f	193.183	193.283			
самое	ADJ	_	_	_	_	_	words@tra2002f	@tra2002f	193.283	193.552			
последнее	ADJ	_	_	_	_	_	words@tra2002f	@tra2002f	193.552	194.148			
ну	PART	_	_	_	_	_	words@tra2002f	@tra2002f	197.04	197.098			
вот	PART	_	_	_	_	_	words@tra2002f	@tra2002f	197.098	197.2			
в	ADP	_	_	_	_	_	words@tra2002f	@tra2002f	197.2	197.26			
общем	ADJ	_	_	_	_	_	words@tra2002f	@tra2002f	197.26	197.507			
филармония	NOUN	_	_	_	_	_	words@tra2002f	@tra2002f	197.507	198.157			
шестнадцать	NUM	_	_	_	_	_	words@tra2002f	@tra2002f	198.157	198.688			
лет	NOUN	_	_	_	_	_	words@tra2002f	@tra2002f	198.688	198.895			
десятый	ADJ	_	_	_	_	_	words@tra2002f	@tra2002f	198.895	199.392			
класс	NOUN	_	_	_	_	_	words@tra2002f	@tra2002f	199.392	199.714			
антракт	NOUN	_	_	_	_	_	words@tra2002f	@tra2002f	199.714	200.695			
и	CCONJ	_	_	_	_	_	words@tra2002f	@tra2002f	200.695	200.752			
в	ADP	_	_	_	_	_	words@tra2002f	@tra2002f	200.752	200.799			
общем	ADJ	_	_	_	_	_	words@tra2002f	@tra2002f	200.799	201.127			
медный	ADJ	_	_	_	_	_	words@tra2002f	@tra2002f	201.127	201.409			
ковш	NOUN	_	_	_	_	_	words@tra2002f	@tra2002f	201.409	201.669			
тоже	PART	_	_	_	_	_	words@tra2002f	@tra2002f	201.669	201.814			
большая	ADJ	_	_	_	_	_	words@tra2002f	@tra2002f	201.814	202.204			
картина	NOUN	_	_	_	_	_	words@tra2002f	@tra2002f	202.204	202.799			
холст	NOUN	_	_	_	_	_	words@tra2002f	@tra2002f	202.799	203.144			
масло	NOUN	_	_	_	_	_	words@tra2002f	@tra2002f	203.144	203.756			
я	PRON	_	_	_	_	_	words@tra2002f	@tra2002f	204.513	204.91			
вот	PART	_	_	_	_	_	words@tra2002f	@tra2002f	204.91	204.984			
сейчас	ADV	_	_	_	_	_	words@tra2002f	@tra2002f	204.984	205.24			
буду	AUX	_	_	_	_	_	words@tra2002f	@tra2002f	205.24	205.4			
описывать	VERB	_	_	_	_	_	words@tra2002f	@tra2002f	205.4	205.864			
в	ADP	_	_	_	_	_	words@tra2002f	@tra2002f	206.194	206.243			
общем	ADJ	_	_	_	_	_	words@tra2002f	@tra2002f	206.243	206.457			
там	ADV	_	_	_	_	_	words@tra2002f	@tra2002f	206.457	207.043			
аа	X	_	_	_	_	_	words@tra2002f	@tra2002f	207.043	207.368			
довольно	ADV	_	_	_	_	_	words@tra2002f	@tra2002f	207.368	208.071			
темная	ADJ	_	_	_	_	_	words@tra2002f	@tra2002f	208.071	208.609			
палитра	NOUN	_	_	_	_	_	words@tra2002f	@tra2002f	208.609	209.148			
ну	PART	_	_	_	_	_	words@tra2002f	@tra2002f	210.257	210.404			
то	PRON	_	_	_	_	_	words@tra2002f	@tra2002f	210.404	210.481			
есть	VERB	_	_	_	_	_	words@tra2002f	@tra2002f	210.481	210.607			
вот	PART	_	_	_	_	_	words@tra2002f	@tra2002f	210.607	211.149			
вот	PART	_	_	_	_	_	words@tra2002f	@tra2002f	211.149	211.322			
эта	DET	_	_	_	_	_	words@tra2002f	@tra2002f	211.322	211.479			
вот	PART	_	_	_	_	_	words@tra2002f	@tra2002f	211.479	211.703			
деревянная	ADJ	_	_	_	_	_	words@tra2002f	@tra2002f	211.703	212.115			
панель	NOUN	_	_	_	_	_	words@tra2002f	@tra2002f	212.115	212.877			
вот	PART	_	_	_	_	_	words@tra2002f	@tra2002f	212.877	213.038			
еще	ADV	_	_	_	_	_	words@tra2002f	@tra2002f	213.038	213.322			
темнее	ADJ	_	_	_	_	_	words@tra2002f	@tra2002f	213.322	213.638			
дерево	NOUN	_	_	_	_	_	words@tra2002f	@tra2002f	213.638	213.956			
там	ADV	_	_	_	_	_	words@tra2002f	@tra2002f	213.956	214.391			
то	PRON	_	_	_	_	_	words@tra2002f	@tra2002f	214.512	214.561			
есть	VERB	_	_	_	_	_	words@tra2002f	@tra2002f	214.561	214.619			
там	ADV	_	_	_	_	_	words@tra2002f	@tra2002f	214.619	214.749			
просто	PART	_	_	_	_	_	words@tra2002f	@tra2002f	214.749	215.101			
обыкновенный	ADJ	_	_	_	_	_	words@tra2002f	@tra2002f	215.101	215.619			
стол	NOUN	_	_	_	_	_	words@tra2002f	@tra2002f	215.619	216.971			
деревянный	ADJ	_	_	_	_	_	words@tra2002f	@tra2002f	216.971	217.489			
там	ADV	_	_	_	_	_	words@tra2002f	@tra2002f	217.489	217.725			
видно	ADV	_	_	_	_	_	words@tra2002f	@tra2002f	217.725	218.109			
эти	DET	_	_	_	_	_	words@tra2002f	@tra2002f	218.109	218.228			
доски	NOUN	_	_	_	_	_	words@tra2002f	@tra2002f	218.228	218.729			
вот	PART	_	_	_	_	_	words@tra2002f	@tra2002f	219.166	219.476			
он	PRON	_	_	_	_	_	words@tra2002f	@tra2002f	219.476	219.786			
очень	ADV	_	_	_	_	_	words@tra2002f	@tra2002f	219.786	220.098			
темный	ADJ	_	_	_	_	_	words@tra2002f	@tra2002f	220.098	220.412			
вообще	ADV	_	_	_	_	_	words@tra2002f	@tra2002f	220.412	220.681			
даже	PART	_	_	_	_	_	words@tra2002f	@tra2002f	220.681	220.901			
я	PRON	_	_	_	_	_	words@tra2002f	@tra2002f	220.901	221.04			
бы	AUX	_	_	_	_	_	words@tra2002f	@tra2002f	221.04	221.151			
сказала	VERB	_	_	_	_	_	words@tra2002f	@tra2002f	221.151	221.552			
может	VERB	_	_	_	_	_	words@tra2002f	@tra2002f	221.552	221.696			
она	PRON	_	_	_	_	_	words@tra2002f	@tra2002f	221.696	221.807			
даже	PART	_	_	_	_	_	words@tra2002f	@tra2002f	221.807	221.963			
немного	ADV	_	_	_	_	_	words@tra2002f	@tra2002f	221.963	222.253			
мрачная	ADJ	_	_	_	_	_	words@tra2002f	@tra2002f	222.253	222.837			
но	CCONJ	_	_	_	_	_	words@tra2002f	@tra2002f	223.243	223.38			
там	ADV	_	_	_	_	_	words@tra2002f	@tra2002f	223.38	223.922			
все	DET	_	_	_	_	_	words@tra2002f	@tra2002f	223.922	224.365			
предметы	NOUN	_	_	_	_	_	words@tra2002f	@tra2002f	224.365	224.809			
они	PRON	_	_	_	_	_	words@tra2002f	@tra2002f	224.809	225.45			
они	PRON	_	_	_	_	_	words@tra2002f	@tra2002f	225.45	225.65			
бытовые	ADJ	_	_	_	_	_	words@tra2002f	@tra2002f	225.65	226.072			
их	PRON	_	_	_	_	_	words@tra2002f	@tra2002f	226.072	226.327			
там	ADV	_	_	_	_	_	words@tra2002f	@tra2002f	226.327	226.506			
немного	ADV	_	_	_	_	_	words@tra2002f	@tra2002f	226.506	226.857			
там	ADV	_	_	_	_	_	words@tra2002f	@tra2002f	226.857	227.038			
вот	PART	_	_	_	_	_	words@tra2002f	@tra2002f	227.038	227.212			
этот	DET	_	_	_	_	_	words@tra2002f	@tra2002f	227.212	227.436			
стол	NOUN	_	_	_	_	_	words@tra2002f	@tra2002f	227.436	227.708			
на	ADP	_	_	_	_	_	words@tra2002f	@tra2002f	227.708	227.826			
нем	PRON	_	_	_	_	_	words@tra2002f	@tra2002f	227.826	228.009			
стоит	VERB	_	_	_	_	_	words@tra2002f	@tra2002f	228.009	228.284			
медный	ADJ	_	_	_	_	_	words@tra2002f	@tra2002f	228.284	228.612			
ковш	NOUN	_	_	_	_	_	words@tra2002f	@tra2002f	228.612	229.072			
не	PART	_	_	_	_	_	words@tra2002f	@tra2002f	230.438	230.648			
очень	ADV	_	_	_	_	_	words@tra2002f	@tra2002f	230.648	230.881			
глубокий	ADJ	_	_	_	_	_	words@tra2002f	@tra2002f	230.881	232.04			
и	CCONJ	_	_	_	_	_	words@tra2002f	@tra2002f	232.04	232.101			
за	ADP	_	_	_	_	_	words@tra2002f	@tra2002f	232.101	232.334			
ним	PRON	_	_	_	_	_	words@tra2002f	@tra2002f	232.334	233.689			
за	ADP	_	_	_	_	_	words@tra2002f	@tra2002f	233.689	233.927			
ним	PRON	_	_	_	_	_	words@tra2002f	@tra2002f	233.927	234.106			
стоят	VERB	_	_	_	_	_	words@tra2002f	@tra2002f	234.106	234.587			
тыквы	NOUN	_	_	_	_	_	words@tra2002f	@tra2002f	234.587	235.162			
скрипки	NOUN	_	_	_	_	_	words@tra2002f	@tra2002f	236.081	236.751			
знаешь	VERB	_	_	_	_	_	words@tra2002f	@tra2002f	236.751	237.125			
такие	DET	_	_	_	_	_	words@tra2002f	@tra2002f	237.125	237.554			
да	CCONJ	_	_	_	_	_	words@tra2002f	@tra2002f	238.797	239.256			
да	PART	_	_	_	_	_	words@tra2002f	@tra2002f	240.148	240.608			
нет	PART	_	_	_	_	_	words@tra2002f	@tra2002f	242.047	242.693			
есть	VERB	_	_	_	_	_	words@tra2002f	@tra2002f	242.693	242.978			
такое	DET	_	_	_	_	_	words@tra2002f	@tra2002f	242.978	243.46			
это	PRON	_	_	_	_	_	words@tra2002f	@tra2002f	243.46	243.901			
устойчивое	ADJ	_	_	_	_	_	words@tra2002f	@tra2002f	243.901	244.561			
тыквы	NOUN	_	_	_	_	_	words@tra2002f	@tra2002f	244.561	245.004			
скрипки	NOUN	_	_	_	_	_	words@tra2002f	@tra2002f	245.004	245.315			
это	PRON	_	_	_	_	_	words@tra2002f	@tra2002f	245.315	245.424			
такой	DET	_	_	_	_	_	words@tra2002f	@tra2002f	245.424	245.722			
вид	NOUN	_	_	_	_	_	words@tra2002f	@tra2002f	245.722	245.893			
тыквы	NOUN	_	_	_	_	_	words@tra2002f	@tra2002f	245.893	246.513			
да-да-да	CCONJ	_	_	_	_	_	words@tra2002f	@tra2002f	247.702	248.219			
вытянутые	VERB	_	_	_	_	_	words@tra2002f	@tra2002f	248.219	248.636			
видела	VERB	_	_	_	_	_	words@tra2002f	@tra2002f	248.636	248.922			
наверно	ADV	_	_	_	_	_	words@tra2002f	@tra2002f	248.922	249.224			
когда-нибудь	ADV	_	_	_	_	_	words@tra2002f	@tra2002f	249.224	249.594			
да	CCONJ	_	_	_	_	_	words@tra2002f	@tra2002f	252.634	253.134			
ну	PART	_	_	_	_	_	words@tra2002f	@tra2002f	254.613	254.672			
они	PRON	_	_	_	_	_	words@tra2002f	@tra2002f	254.672	255.419			
получается	VERB	_	_	_	_	_	words@tra2002f	@tra2002f	255.419	255.918			
в	ADP	_	_	_	_	_	words@tra2002f	@tra2002f	255.918	256.113			
виде	NOUN	_	_	_	_	_	words@tra2002f	@tra2002f	256.113	256.301			
скрипки	NOUN	_	_	_	_	_	words@tra2002f	@tra2002f	256.301	256.727			
они	PRON	_	_	_	_	_	words@tra2002f	@tra2002f	256.727	256.939			
получается	VERB	_	_	_	_	_	words@tra2002f	@tra2002f	256.939	257.569			
там	ADV	_	_	_	_	_	words@tra2002f	@tra2002f	257.569	257.991			
да	CCONJ	_	_	_	_	_	words@tra2002f	@tra2002f	258.648	258.824			
как	SCONJ	_	_	_	_	_	words@tra2002f	@tra2002f	258.824	258.966			
как	SCONJ	_	_	_	_	_	words@tra2002f	@tra2002f	258.966	259.161			
песочные	ADJ	_	_	_	_	_	words@tra2002f	@tra2002f	259.161	259.722			
часы	NOUN	_	_	_	_	_	words@tra2002f	@tra2002f	259.722	260.093			
да-да-да	CCONJ	_	_	_	_	_	words@tra2002f	@tra2002f	260.093	260.481			
вот	PART	_	_	_	_	_	words@tra2002f	@tra2002f	260.481	260.628			
так	ADV	_	_	_	_	_	words@tra2002f	@tra2002f	260.628	260.865			
именно	PART	_	_	_	_	_	words@tra2002f	@tra2002f	260.865	261.489			
вот	PART	_	_	_	_	_	words@tra2002f	@tra2002f	262.053	262.336			
у	ADP	_	_	_	_	_	words@tra2002f	@tra2002f	262.336	262.428			
нас	PRON	_	_	_	_	_	words@tra2002f	@tra2002f	262.428	262.624			
такие	DET	_	_	_	_	_	words@tra2002f	@tra2002f	262.624	262.978			
росли	VERB	_	_	_	_	_	words@tra2002f	@tra2002f	262.978	263.224			
на	ADP	_	_	_	_	_	words@tra2002f	@tra2002f	263.224	263.344			
даче	NOUN	_	_	_	_	_	words@tra2002f	@tra2002f	263.344	263.898			
ну	PART	_	_	_	_	_	words@tra2002f	@tra2002f	264.431	264.602			
вот	PART	_	_	_	_	_	words@tra2002f	@tra2002f	264.602	264.944			
да	PART	_	_	_	_	_	words@tra2002f	@tra2002f	264.944	265.233			
мы	PRON	_	_	_	_	_	words@tra2002f	@tra2002f	265.233	265.366			
собирали	VERB	_	_	_	_	_	words@tra2002f	@tra2002f	265.366	266.133			
вот	PART	_	_	_	_	_	words@tra2002f	@tra2002f	266.356	266.927			
ну	PART	_	_	_	_	_	words@tra2002f	@tra2002f	266.927	267.012			
и	CCONJ	_	_	_	_	_	words@tra2002f	@tra2002f	267.012	267.057			
короче	ADV	_	_	_	_	_	words@tra2002f	@tra2002f	267.057	267.807			
там	ADV	_	_	_	_	_	words@tra2002f	@tra2002f	267.807	268.026			
стоит	VERB	_	_	_	_	_	words@tra2002f	@tra2002f	268.026	268.472			
их	PRON	_	_	_	_	_	words@tra2002f	@tra2002f	268.472	268.821			
двенадцать	NUM	_	_	_	_	_	words@tra2002f	@tra2002f	268.821	269.236			
штук	NOUN	_	_	_	_	_	words@tra2002f	@tra2002f	269.236	269.689			
я	PRON	_	_	_	_	_	words@tra2002f	@tra2002f	271.527	271.766			
помню	VERB	_	_	_	_	_	words@tra2002f	@tra2002f	271.766	272.067			
я	PRON	_	_	_	_	_	words@tra2002f	@tra2002f	272.067	272.269			
считала	VERB	_	_	_	_	_	words@tra2002f	@tra2002f	272.269	272.783			
и	CCONJ	_	_	_	_	_	words@tra2002f	@tra2002f	273.484	273.64			
вот	PART	_	_	_	_	_	words@tra2002f	@tra2002f	273.64	273.768			
этот	DET	_	_	_	_	_	words@tra2002f	@tra2002f	273.768	274.048			
медный	ADJ	_	_	_	_	_	words@tra2002f	@tra2002f	274.048	274.39			
ковш	NOUN	_	_	_	_	_	words@tra2002f	@tra2002f	274.39	274.648			
перед	ADP	_	_	_	_	_	words@tra2002f	@tra2002f	274.648	274.906			
ними	PRON	_	_	_	_	_	words@tra2002f	@tra2002f	274.906	275.501			
и	CCONJ	_	_	_	_	_	words@tra2002f	@tra2002f	275.501	275.575			
этот	DET	_	_	_	_	_	words@tra2002f	@tra2002f	275.575	275.761			
стол	NOUN	_	_	_	_	_	words@tra2002f	@tra2002f	275.761	275.968			
и	PART	_	_	_	_	_	words@tra2002f	@tra2002f	275.968	276.04			
больше	ADV	_	_	_	_	_	words@tra2002f	@tra2002f	276.04	276.306			
ничего	PRON	_	_	_	_	_	words@tra2002f	@tra2002f	276.306	276.851			
вот	PART	_	_	_	_	_	words@tra2002f	@tra2002f	277.742	278.137			
и	PART	_	_	_	_	_	words@tra2002f	@tra2002f	278.137	278.207			
сейчас	ADV	_	_	_	_	_	words@tra2002f	@tra2002f	278.207	278.486			
я	PRON	_	_	_	_	_	words@tra2002f	@tra2002f	278.486	278.606			
буду	AUX	_	_	_	_	_	words@tra2002f	@tra2002f	278.606	278.853			
объяснять	VERB	_	_	_	_	_	words@tra2002f	@tra2002f	278.853	279.3			
почему	ADV	_	_	_	_	_	words@tra2002f	@tra2002f	279.3	279.957			
она	PRON	_	_	_	_	_	words@tra2002f	@tra2002f	279.957	280.252			
мне	PRON	_	_	_	_	_	words@tra2002f	@tra2002f	280.252	280.565			
так	ADV	_	_	_	_	_	words@tra2002f	@tra2002f	280.565	280.771			
нравится	VERB	_	_	_	_	_	words@tra2002f	@tra2002f	280.771	281.175			
и	CCONJ	_	_	_	_	_	words@tra2002f	@tra2002f	281.175	281.2			
какой	DET	_	_	_	_	_	words@tra2002f	@tra2002f	281.2	281.407			
смысл	NOUN	_	_	_	_	_	words@tra2002f	@tra2002f	281.407	281.799			
я	PRON	_	_	_	_	_	words@tra2002f	@tra2002f	281.799	281.949			
туда	ADV	_	_	_	_	_	words@tra2002f	@tra2002f	281.949	282.271			
вкладываю	VERB	_	_	_	_	_	words@tra2002f	@tra2002f	282.271	283.121			
в	ADP	_	_	_	_	_	words@tra2002f	@tra2002f	283.729	283.876			
общем	ADJ	_	_	_	_	_	words@tra2002f	@tra2002f	283.876	285.697			
начнем	VERB	_	_	_	_	_	words@tra2002f	@tra2002f	285.697	286.921			
с	ADP	_	_	_	_	_	words@tra2002f	@tra2002f	286.921	287.014			
названия	NOUN	_	_	_	_	_	words@tra2002f	@tra2002f	287.014	287.928			
медный	ADJ	_	_	_	_	_	words@tra2002f	@tra2002f	287.928	288.307			
ковш	NOUN	_	_	_	_	_	words@tra2002f	@tra2002f	288.307	288.918			
я	PRON	_	_	_	_	_	words@tra2002f	@tra2002f	292.464	292.699			
прошу	VERB	_	_	_	_	_	words@tra2002f	@tra2002f	292.699	292.889			
прощения	NOUN	_	_	_	_	_	words@tra2002f	@tra2002f	292.889	293.707			
угу	NOUN	_	_	_	_	_	words@eni2002f	@eni2002f	44263,0000	8.566			
а	CCONJ	_	_	_	_	_	words@eni2002f	@eni2002f	25.209	25.313			
как-как	ADV	_	_	_	_	_	words@eni2002f	@eni2002f	25.313	25.703			
ты	PRON	_	_	_	_	_	words@eni2002f	@eni2002f	25.703	25.86			
их	PRON	_	_	_	_	_	words@eni2002f	@eni2002f	25.86	26.0			
находила	VERB	_	_	_	_	_	words@eni2002f	@eni2002f	26.0	26.616			
в	ADP	_	_	_	_	_	words@eni2002f	@eni2002f	26.616	26.697			
смысле	NOUN	_	_	_	_	_	words@eni2002f	@eni2002f	26.697	27.174			
вот	PART	_	_	_	_	_	words@eni2002f	@eni2002f	27.174	27.412			
они	PRON	_	_	_	_	_	words@eni2002f	@eni2002f	27.412	27.924			
тебе	PRON	_	_	_	_	_	words@eni2002f	@eni2002f	27.924	28.168			
попались	VERB	_	_	_	_	_	words@eni2002f	@eni2002f	28.168	28.668			
сразу	ADV	_	_	_	_	_	words@eni2002f	@eni2002f	28.668	29.598			
одна	DET	_	_	_	_	_	words@eni2002f	@eni2002f	29.598	29.901			
за	ADP	_	_	_	_	_	words@eni2002f	@eni2002f	29.901	30.029			
другой	ADJ	_	_	_	_	_	words@eni2002f	@eni2002f	30.029	30.854			
ты	PRON	_	_	_	_	_	words@eni2002f	@eni2002f	30.854	31.052			
их	PRON	_	_	_	_	_	words@eni2002f	@eni2002f	31.052	31.151			
специально	ADV	_	_	_	_	_	words@eni2002f	@eni2002f	31.151	31.709			
искала	VERB	_	_	_	_	_	words@eni2002f	@eni2002f	31.709	32.135			
или	CCONJ	_	_	_	_	_	words@eni2002f	@eni2002f	32.135	32.476			
чего	PRON	_	_	_	_	_	words@eni2002f	@eni2002f	32.476	33.121			
мм	NOUN	_	_	_	_	_	words@eni2002f	@eni2002f	43.965	44.368			
ничего	PRON	_	_	_	_	_	words@eni2002f	@eni2002f	46.017	46.412			
себе	PRON	_	_	_	_	_	words@eni2002f	@eni2002f	46.412	46.807			
аа	CCONJ	_	_	_	_	_	words@eni2002f	@eni2002f	49.421	49.861			
да-да-да-да	PART	_	_	_	_	_	words@eni2002f	@eni2002f	49.861	50.842			
то	PRON	_	_	_	_	_	words@eni2002f	@eni2002f	77.367	77.651			
есть	VERB	_	_	_	_	_	words@eni2002f	@eni2002f	77.651	77.803			
там	ADV	_	_	_	_	_	words@eni2002f	@eni2002f	77.803	78.064			
просто	PART	_	_	_	_	_	words@eni2002f	@eni2002f	78.064	78.415			
лежит	VERB	_	_	_	_	_	words@eni2002f	@eni2002f	78.415	78.808			
что-то	PRON	_	_	_	_	_	words@eni2002f	@eni2002f	78.808	79.304			
охотничье	ADJ	_	_	_	_	_	words@eni2002f	@eni2002f	79.304	80.337			
с	ADP	_	_	_	_	_	words@eni2002f	@eni2002f	80.337	80.406			
перепелками	NOUN	_	_	_	_	_	words@eni2002f	@eni2002f	80.406	81.35			
очаровательно	ADV	_	_	_	_	_	words@eni2002f	@eni2002f	83.087	84.035			
#смеется#	ADV	_	_	_	_	_	words@eni2002f	@eni2002f	86.539	88.368			
серьезно	ADV	_	_	_	_	_	words@eni2002f	@eni2002f	119.593	119.948			
тебе	PRON	_	_	_	_	_	words@eni2002f	@eni2002f	119.948	120.175			
понравилась	VERB	_	_	_	_	_	words@eni2002f	@eni2002f	120.175	120.629			
рыба	NOUN	_	_	_	_	_	words@eni2002f	@eni2002f	120.629	121.178			
мм	NOUN	_	_	_	_	_	words@eni2002f	@eni2002f	131.283	131.864			
а	CCONJ	_	_	_	_	_	words@eni2002f	@eni2002f	182.898	183.159			
ну	PART	_	_	_	_	_	words@eni2002f	@eni2002f	183.159	183.267			
да	CCONJ	_	_	_	_	_	words@eni2002f	@eni2002f	183.267	183.427			
справедливо	ADV	_	_	_	_	_	words@eni2002f	@eni2002f	183.427	183.945			
с	ADP	_	_	_	_	_	words@eni2002f	@eni2002f	190.49	190.658			
рыбами	NOUN	_	_	_	_	_	words@eni2002f	@eni2002f	190.658	191.349			
ладно	PART	_	_	_	_	_	words@eni2002f	@eni2002f	196.298	196.912			
а	CCONJ	_	_	_	_	_	words@eni2002f	@eni2002f	203.635	203.807			
что	PRON	_	_	_	_	_	words@eni2002f	@eni2002f	203.807	203.979			
на	ADP	_	_	_	_	_	words@eni2002f	@eni2002f	203.979	204.151			
ней	PRON	_	_	_	_	_	words@eni2002f	@eni2002f	204.151	204.324			
а	CCONJ	_	_	_	_	_	words@eni2002f	@eni2002f	205.728	205.901			
м	X	_	_	_	_	_	words@eni2002f	@eni2002f	205.901	206.214			
тыквы	NOUN	_	_	_	_	_	words@eni2002f	@eni2002f	237.715	238.055			
скрипки	NOUN	_	_	_	_	_	words@eni2002f	@eni2002f	238.055	238.594			
тыквы	NOUN	_	_	_	_	_	words@eni2002f	@eni2002f	239.027	239.351			
скрипки	NOUN	_	_	_	_	_	words@eni2002f	@eni2002f	239.351	240.098			
скрипка	NOUN	_	_	_	_	_	words@eni2002f	@eni2002f	240.378	240.744			
как	SCONJ	_	_	_	_	_	words@eni2002f	@eni2002f	240.744	240.966			
музыкальный	ADJ	_	_	_	_	_	words@eni2002f	@eni2002f	240.966	241.431			
инструмент	NOUN	_	_	_	_	_	words@eni2002f	@eni2002f	241.431	242.108			
нет	PART	_	_	_	_	_	words@eni2002f	@eni2002f	242.863	243.228			
они	PRON	_	_	_	_	_	words@eni2002f	@eni2002f	246.688	247.103			
вытянутые	VERB	_	_	_	_	_	words@eni2002f	@eni2002f	247.103	247.783			
может	VERB	_	_	_	_	_	words@eni2002f	@eni2002f	249.756	250.481			
быть	VERB	_	_	_	_	_	words@eni2002f	@eni2002f	250.481	250.773			
как	SCONJ	_	_	_	_	_	words@eni2002f	@eni2002f	250.773	251.028			
кабачки	NOUN	_	_	_	_	_	words@eni2002f	@eni2002f	251.028	251.536			
только	PART	_	_	_	_	_	words@eni2002f	@eni2002f	251.536	251.956			
тыквы	NOUN	_	_	_	_	_	words@eni2002f	@eni2002f	251.956	252.554			
ну	PART	_	_	_	_	_	words@eni2002f	@eni2002f	253.269	253.845			
ну	PART	_	_	_	_	_	words@eni2002f	@eni2002f	253.845	254.038			
я	PRON	_	_	_	_	_	words@eni2002f	@eni2002f	254.038	254.139			
поняла	VERB	_	_	_	_	_	words@eni2002f	@eni2002f	254.139	254.755			
а	CCONJ	_	_	_	_	_	words@eni2002f	@eni2002f	257.903	258.074			
они	PRON	_	_	_	_	_	words@eni2002f	@eni2002f	258.074	258.19			
вот	PART	_	_	_	_	_	words@eni2002f	@eni2002f	258.19	258.46			
вот	PART	_	_	_	_	_	words@eni2002f	@eni2002f	258.46	258.732			
такие	DET	_	_	_	_	_	words@eni2002f	@eni2002f	258.732	259.997			
да	CCONJ	_	_	_	_	_	words@eni2002f	@eni2002f	261.27	261.526			
я	PRON	_	_	_	_	_	words@eni2002f	@eni2002f	261.526	261.782			
поняла	VERB	_	_	_	_	_	words@eni2002f	@eni2002f	261.782	262.04			
прикольно	ADV	_	_	_	_	_	words@eni2002f	@eni2002f	264.972	265.513			
что-то	PRON	_	_	_	_	_	words@eni2002f	@eni2002f	289.184	289.651			
ты	PRON	_	_	_	_	_	words@eni2002f	@eni2002f	289.651	289.763			
как-то	ADV	_	_	_	_	_	words@eni2002f	@eni2002f	289.763	290.068			
прямо	ADV	_	_	_	_	_	words@eni2002f	@eni2002f	290.068	290.375			
очень	ADV	_	_	_	_	_	words@eni2002f	@eni2002f	290.375	290.654			
официально	ADV	_	_	_	_	_	words@eni2002f	@eni2002f	290.654	291.146			
говоришь	VERB	_	_	_	_	_	words@eni2002f	@eni2002f	291.146	292.458			
как	ADV	_	_	_	_	_	words@eni2002f	@eni2002f	292.591	292.785			
будто	PART	_	_	_	_	_	words@eni2002f	@eni2002f	292.785	293.153			
доклад	NOUN	_	_	_	_	_	words@eni2002f	@eni2002f	293.153	293.971			
делаешь	VERB	_	_	_	_	_	words@eni2002f	@eni2002f	293.971	295.105			
эм	PRON	_	_	_	_	_	words@eni2002f	@eni2002f	296.686	297.429			
можно	ADV	_	_	_	_	_	words@eni2002f	@eni2002f	297.429	298.0			
подольше	ADV	_	_	_	_	_	words@eni2002f	@eni2002f	298.0	298.916			
													
													
													
